150,0,230.00,53.00,37.00,38.00,1,-1,-1,-1
150,1,168.00,43.00,33.00,36.00,1,-1,-1,-1
150,2,233.00,129.00,38.00,33.00,1,-1,-1,-1
150,4,118.00,100.00,37.00,34.00,1,-1,-1,-1
151,0,228.00,51.00,42.00,45.00,1,-1,-1,-1
151,1,165.00,39.00,37.00,42.00,1,-1,-1,-1
151,2,230.00,124.00,43.00,40.00,1,-1,-1,-1
151,3,177.00,163.00,15.00,17.00,1,-1,-1,-1
151,4,115.00,99.00,42.00,38.00,1,-1,-1,-1
152,0,228.00,50.00,43.00,48.00,1,-1,-1,-1
152,1,163.00,37.00,41.00,44.00,1,-1,-1,-1
152,2,229.00,122.00,45.00,43.00,1,-1,-1,-1
152,3,171.00,158.00,26.00,37.00,1,-1,-1,-1
152,4,113.00,97.00,46.00,41.00,1,-1,-1,-1
153,0,227.00,49.00,44.00,48.00,1,-1,-1,-1
153,1,161.00,36.00,42.00,46.00,1,-1,-1,-1
153,2,228.00,120.00,47.00,46.00,1,-1,-1,-1
153,3,170.00,157.00,27.00,38.00,1,-1,-1,-1
153,4,113.00,97.00,47.00,42.00,1,-1,-1,-1
154,0,226.00,48.00,44.00,49.00,1,-1,-1,-1
154,1,161.00,37.00,41.00,45.00,1,-1,-1,-1
154,2,228.00,121.00,48.00,44.00,1,-1,-1,-1
154,3,170.00,156.00,29.00,41.00,1,-1,-1,-1
154,4,113.00,97.00,48.00,42.00,1,-1,-1,-1
155,0,225.00,48.00,45.00,49.00,1,-1,-1,-1
155,1,161.00,36.00,40.00,47.00,1,-1,-1,-1
155,2,229.00,121.00,48.00,43.00,1,-1,-1,-1
155,3,171.00,156.00,28.00,40.00,1,-1,-1,-1
155,4,112.00,97.00,49.00,43.00,1,-1,-1,-1
156,0,225.00,48.00,45.00,49.00,1,-1,-1,-1
156,1,159.00,36.00,42.00,48.00,1,-1,-1,-1
156,2,230.00,119.00,47.00,45.00,1,-1,-1,-1
156,3,171.00,156.00,28.00,41.00,1,-1,-1,-1
156,4,112.00,97.00,49.00,43.00,1,-1,-1,-1
157,0,224.00,47.00,45.00,50.00,1,-1,-1,-1
157,1,159.00,36.00,42.00,48.00,1,-1,-1,-1
157,2,231.00,119.00,47.00,44.00,1,-1,-1,-1
157,3,171.00,156.00,28.00,42.00,1,-1,-1,-1
157,4,112.00,97.00,49.00,44.00,1,-1,-1,-1
158,0,225.00,47.00,44.00,50.00,1,-1,-1,-1
158,1,158.00,37.00,42.00,47.00,1,-1,-1,-1
158,2,231.00,120.00,47.00,43.00,1,-1,-1,-1
158,3,173.00,157.00,27.00,41.00,1,-1,-1,-1
158,4,113.00,98.00,49.00,44.00,1,-1,-1,-1
159,0,224.00,46.00,45.00,51.00,1,-1,-1,-1
159,1,158.00,37.00,41.00,45.00,1,-1,-1,-1
159,2,232.00,120.00,46.00,43.00,1,-1,-1,-1
159,3,173.00,156.00,28.00,43.00,1,-1,-1,-1
159,4,112.00,99.00,50.00,44.00,1,-1,-1,-1
160,0,224.00,46.00,44.00,50.00,1,-1,-1,-1
160,1,158.00,37.00,40.00,45.00,1,-1,-1,-1
160,2,231.00,119.00,47.00,43.00,1,-1,-1,-1
160,3,174.00,156.00,27.00,44.00,1,-1,-1,-1
160,4,112.00,99.00,50.00,44.00,1,-1,-1,-1
161,0,224.00,46.00,44.00,49.00,1,-1,-1,-1
161,1,157.00,38.00,41.00,44.00,1,-1,-1,-1
161,2,232.00,119.00,47.00,43.00,1,-1,-1,-1
161,3,175.00,156.00,26.00,43.00,1,-1,-1,-1
161,4,112.00,100.00,50.00,44.00,1,-1,-1,-1
162,0,223.00,46.00,44.00,49.00,1,-1,-1,-1
162,1,156.00,38.00,41.00,44.00,1,-1,-1,-1
162,2,232.00,119.00,47.00,42.00,1,-1,-1,-1
162,3,176.00,157.00,25.00,43.00,1,-1,-1,-1
162,4,113.00,101.00,49.00,43.00,1,-1,-1,-1
163,0,223.00,45.00,44.00,50.00,1,-1,-1,-1
163,1,156.00,39.00,41.00,43.00,1,-1,-1,-1
163,2,233.00,118.00,46.00,42.00,1,-1,-1,-1
163,3,177.00,157.00,24.00,40.00,1,-1,-1,-1
163,4,112.00,101.00,50.00,44.00,1,-1,-1,-1
164,0,223.00,45.00,43.00,50.00,1,-1,-1,-1
164,1,156.00,39.00,40.00,42.00,1,-1,-1,-1
164,2,233.00,118.00,46.00,42.00,1,-1,-1,-1
164,3,179.00,158.00,22.00,29.00,1,-1,-1,-1
164,4,112.00,102.00,50.00,43.00,1,-1,-1,-1
165,0,222.00,45.00,44.00,49.00,1,-1,-1,-1
165,1,156.00,39.00,39.00,42.00,1,-1,-1,-1
165,2,233.00,117.00,46.00,43.00,1,-1,-1,-1
165,3,180.00,159.00,21.00,26.00,1,-1,-1,-1
165,4,112.00,102.00,50.00,44.00,1,-1,-1,-1
166,0,222.00,44.00,43.00,49.00,1,-1,-1,-1
166,1,155.00,40.00,39.00,42.00,1,-1,-1,-1
166,2,233.00,117.00,46.00,42.00,1,-1,-1,-1
166,3,182.00,161.00,18.00,22.00,1,-1,-1,-1
166,4,112.00,103.00,50.00,44.00,1,-1,-1,-1
167,0,222.00,43.00,42.00,49.00,1,-1,-1,-1
167,1,154.00,40.00,40.00,42.00,1,-1,-1,-1
167,2,234.00,117.00,45.00,41.00,1,-1,-1,-1
167,3,183.00,161.00,19.00,24.00,1,-1,-1,-1
167,4,113.00,104.00,49.00,44.00,1,-1,-1,-1
168,0,221.00,42.00,43.00,50.00,1,-1,-1,-1
168,1,153.00,40.00,40.00,42.00,1,-1,-1,-1
168,2,234.00,116.00,45.00,41.00,1,-1,-1,-1
168,3,184.00,162.00,17.00,21.00,1,-1,-1,-1
168,4,113.00,104.00,49.00,44.00,1,-1,-1,-1
169,0,221.00,41.00,43.00,50.00,1,-1,-1,-1
169,1,151.00,40.00,41.00,42.00,1,-1,-1,-1
169,2,234.00,115.00,45.00,41.00,1,-1,-1,-1
169,3,185.00,161.00,18.00,20.00,1,-1,-1,-1
169,4,113.00,105.00,49.00,44.00,1,-1,-1,-1
170,0,220.00,40.00,43.00,51.00,1,-1,-1,-1
170,1,151.00,40.00,41.00,43.00,1,-1,-1,-1
170,2,235.00,114.00,45.00,41.00,1,-1,-1,-1
170,3,185.00,160.00,19.00,21.00,1,-1,-1,-1
170,4,114.00,106.00,49.00,44.00,1,-1,-1,-1
171,0,220.00,40.00,42.00,50.00,1,-1,-1,-1
171,1,151.00,41.00,41.00,42.00,1,-1,-1,-1
171,2,235.00,113.00,45.00,42.00,1,-1,-1,-1
171,3,185.00,159.00,21.00,24.00,1,-1,-1,-1
171,4,114.00,106.00,49.00,45.00,1,-1,-1,-1
172,0,219.00,39.00,42.00,51.00,1,-1,-1,-1
172,1,150.00,42.00,41.00,42.00,1,-1,-1,-1
172,2,235.00,112.00,45.00,42.00,1,-1,-1,-1
172,3,186.00,160.00,20.00,22.00,1,-1,-1,-1
172,4,114.00,108.00,49.00,44.00,1,-1,-1,-1
173,0,218.00,39.00,43.00,51.00,1,-1,-1,-1
173,1,149.00,42.00,42.00,42.00,1,-1,-1,-1
173,2,235.00,111.00,45.00,43.00,1,-1,-1,-1
173,3,187.00,160.00,19.00,22.00,1,-1,-1,-1
173,4,114.00,109.00,49.00,44.00,1,-1,-1,-1
174,0,218.00,39.00,42.00,50.00,1,-1,-1,-1
174,1,149.00,43.00,41.00,41.00,1,-1,-1,-1
174,2,235.00,111.00,44.00,42.00,1,-1,-1,-1
174,3,188.00,160.00,18.00,21.00,1,-1,-1,-1
174,4,115.00,109.00,48.00,45.00,1,-1,-1,-1
175,0,217.00,39.00,42.00,50.00,1,-1,-1,-1
175,1,148.00,43.00,41.00,42.00,1,-1,-1,-1
175,2,235.00,110.00,45.00,43.00,1,-1,-1,-1
175,3,188.00,160.00,20.00,22.00,1,-1,-1,-1
175,4,115.00,110.00,48.00,44.00,1,-1,-1,-1
176,0,217.00,39.00,41.00,49.00,1,-1,-1,-1
176,1,147.00,44.00,42.00,41.00,1,-1,-1,-1
176,2,235.00,110.00,45.00,42.00,1,-1,-1,-1
176,3,188.00,159.00,21.00,23.00,1,-1,-1,-1
176,4,115.00,111.00,48.00,44.00,1,-1,-1,-1
177,0,217.00,38.00,40.00,50.00,1,-1,-1,-1
177,1,146.00,44.00,42.00,41.00,1,-1,-1,-1
177,2,236.00,109.00,45.00,41.00,1,-1,-1,-1
177,3,189.00,160.00,21.00,23.00,1,-1,-1,-1
177,4,116.00,112.00,47.00,44.00,1,-1,-1,-1
178,0,217.00,38.00,40.00,49.00,1,-1,-1,-1
178,1,145.00,44.00,43.00,42.00,1,-1,-1,-1
178,2,236.00,108.00,45.00,41.00,1,-1,-1,-1
178,3,191.00,161.00,19.00,23.00,1,-1,-1,-1
178,4,116.00,112.00,47.00,45.00,1,-1,-1,-1
179,0,216.00,37.00,40.00,49.00,1,-1,-1,-1
179,1,144.00,44.00,43.00,42.00,1,-1,-1,-1
179,2,236.00,108.00,45.00,40.00,1,-1,-1,-1
179,3,190.00,160.00,23.00,27.00,1,-1,-1,-1
179,4,116.00,113.00,48.00,44.00,1,-1,-1,-1
180,0,216.00,37.00,39.00,49.00,1,-1,-1,-1
180,1,143.00,44.00,43.00,43.00,1,-1,-1,-1
180,2,237.00,108.00,44.00,38.00,1,-1,-1,-1
180,3,190.00,159.00,25.00,31.00,1,-1,-1,-1
180,4,117.00,113.00,47.00,45.00,1,-1,-1,-1
181,0,215.00,37.00,39.00,49.00,1,-1,-1,-1
181,1,143.00,45.00,43.00,42.00,1,-1,-1,-1
181,2,237.00,107.00,44.00,39.00,1,-1,-1,-1
181,3,190.00,158.00,27.00,33.00,1,-1,-1,-1
181,4,117.00,114.00,47.00,44.00,1,-1,-1,-1
182,0,214.00,36.00,40.00,49.00,1,-1,-1,-1
182,1,143.00,46.00,42.00,41.00,1,-1,-1,-1
182,2,237.00,106.00,45.00,40.00,1,-1,-1,-1
182,3,190.00,159.00,27.00,34.00,1,-1,-1,-1
182,4,117.00,114.00,47.00,45.00,1,-1,-1,-1
183,0,213.00,35.00,40.00,50.00,1,-1,-1,-1
183,1,143.00,47.00,42.00,40.00,1,-1,-1,-1
183,2,238.00,105.00,44.00,40.00,1,-1,-1,-1
183,3,191.00,159.00,27.00,32.00,1,-1,-1,-1
183,4,118.00,115.00,46.00,44.00,1,-1,-1,-1
184,0,212.00,35.00,40.00,50.00,1,-1,-1,-1
184,1,142.00,48.00,42.00,40.00,1,-1,-1,-1
184,2,237.00,104.00,45.00,41.00,1,-1,-1,-1
184,3,192.00,158.00,27.00,33.00,1,-1,-1,-1
184,4,118.00,116.00,47.00,44.00,1,-1,-1,-1
185,0,211.00,35.00,40.00,49.00,1,-1,-1,-1
185,1,141.00,48.00,43.00,40.00,1,-1,-1,-1
185,2,237.00,104.00,46.00,40.00,1,-1,-1,-1
185,3,192.00,158.00,27.00,30.00,1,-1,-1,-1
185,4,118.00,116.00,47.00,45.00,1,-1,-1,-1
186,0,211.00,35.00,39.00,49.00,1,-1,-1,-1
186,1,141.00,48.00,42.00,41.00,1,-1,-1,-1
186,2,237.00,103.00,46.00,41.00,1,-1,-1,-1
186,3,194.00,159.00,24.00,28.00,1,-1,-1,-1
186,4,119.00,117.00,46.00,44.00,1,-1,-1,-1
187,0,210.00,34.00,40.00,50.00,1,-1,-1,-1
187,1,140.00,49.00,43.00,40.00,1,-1,-1,-1
187,2,237.00,102.00,46.00,41.00,1,-1,-1,-1
187,3,196.00,160.00,21.00,24.00,1,-1,-1,-1
187,4,119.00,118.00,47.00,44.00,1,-1,-1,-1
188,0,209.00,34.00,40.00,49.00,1,-1,-1,-1
188,1,139.00,49.00,43.00,41.00,1,-1,-1,-1
188,2,237.00,102.00,45.00,40.00,1,-1,-1,-1
188,3,197.00,160.00,21.00,23.00,1,-1,-1,-1
188,4,119.00,119.00,47.00,44.00,1,-1,-1,-1
189,0,209.00,34.00,40.00,49.00,1,-1,-1,-1
189,1,139.00,49.00,43.00,41.00,1,-1,-1,-1
189,2,238.00,101.00,44.00,40.00,1,-1,-1,-1
189,3,198.00,160.00,21.00,23.00,1,-1,-1,-1
189,4,120.00,120.00,47.00,44.00,1,-1,-1,-1
190,0,208.00,33.00,40.00,50.00,1,-1,-1,-1
190,1,138.00,50.00,43.00,40.00,1,-1,-1,-1
190,2,238.00,100.00,44.00,41.00,1,-1,-1,-1
190,3,198.00,159.00,22.00,25.00,1,-1,-1,-1
190,4,120.00,120.00,47.00,45.00,1,-1,-1,-1
191,0,208.00,33.00,39.00,49.00,1,-1,-1,-1
191,1,137.00,50.00,43.00,41.00,1,-1,-1,-1
191,2,239.00,100.00,43.00,40.00,1,-1,-1,-1
191,3,199.00,159.00,23.00,26.00,1,-1,-1,-1
191,4,121.00,121.00,47.00,45.00,1,-1,-1,-1
192,0,207.00,33.00,39.00,49.00,1,-1,-1,-1
192,1,137.00,50.00,43.00,41.00,1,-1,-1,-1
192,2,239.00,99.00,43.00,41.00,1,-1,-1,-1
192,3,199.00,158.00,24.00,26.00,1,-1,-1,-1
192,4,121.00,121.00,47.00,46.00,1,-1,-1,-1
193,0,206.00,32.00,40.00,50.00,1,-1,-1,-1
193,1,136.00,51.00,44.00,42.00,1,-1,-1,-1
193,2,238.00,98.00,44.00,41.00,1,-1,-1,-1
193,3,200.00,158.00,24.00,27.00,1,-1,-1,-1
193,4,122.00,122.00,47.00,45.00,1,-1,-1,-1
194,0,205.00,32.00,40.00,49.00,1,-1,-1,-1
194,1,135.00,52.00,45.00,41.00,1,-1,-1,-1
194,2,239.00,97.00,43.00,41.00,1,-1,-1,-1
194,3,200.00,158.00,25.00,26.00,1,-1,-1,-1
194,4,122.00,123.00,47.00,46.00,1,-1,-1,-1
195,0,204.00,31.00,41.00,50.00,1,-1,-1,-1
195,1,135.00,52.00,44.00,42.00,1,-1,-1,-1
195,2,239.00,96.00,43.00,41.00,1,-1,-1,-1
195,3,202.00,158.00,23.00,25.00,1,-1,-1,-1
195,4,122.00,123.00,48.00,46.00,1,-1,-1,-1
196,0,204.00,31.00,40.00,50.00,1,-1,-1,-1
196,1,135.00,53.00,43.00,41.00,1,-1,-1,-1
196,2,239.00,96.00,44.00,40.00,1,-1,-1,-1
196,3,203.00,159.00,21.00,22.00,1,-1,-1,-1
196,4,123.00,124.00,47.00,45.00,1,-1,-1,-1
197,0,203.00,31.00,40.00,50.00,1,-1,-1,-1
197,1,134.00,54.00,44.00,40.00,1,-1,-1,-1
197,2,239.00,95.00,44.00,40.00,1,-1,-1,-1
197,3,204.00,159.00,21.00,22.00,1,-1,-1,-1
197,4,124.00,124.00,46.00,46.00,1,-1,-1,-1
198,0,203.00,30.00,39.00,51.00,1,-1,-1,-1
198,1,133.00,54.00,45.00,41.00,1,-1,-1,-1
198,2,239.00,94.00,44.00,40.00,1,-1,-1,-1
198,3,204.00,158.00,23.00,26.00,1,-1,-1,-1
198,4,124.00,125.00,46.00,45.00,1,-1,-1,-1
199,0,202.00,30.00,40.00,50.00,1,-1,-1,-1
199,1,133.00,55.00,44.00,40.00,1,-1,-1,-1
199,2,239.00,93.00,44.00,40.00,1,-1,-1,-1
199,3,204.00,158.00,25.00,27.00,1,-1,-1,-1
199,4,124.00,126.00,46.00,45.00,1,-1,-1,-1
200,0,201.00,30.00,40.00,50.00,1,-1,-1,-1
200,1,133.00,55.00,44.00,40.00,1,-1,-1,-1
200,2,239.00,93.00,44.00,39.00,1,-1,-1,-1
200,3,204.00,157.00,25.00,27.00,1,-1,-1,-1
200,4,125.00,126.00,46.00,46.00,1,-1,-1,-1
201,0,200.00,30.00,40.00,49.00,1,-1,-1,-1
201,1,132.00,56.00,44.00,40.00,1,-1,-1,-1
201,2,239.00,92.00,44.00,39.00,1,-1,-1,-1
201,3,205.00,156.00,25.00,27.00,1,-1,-1,-1
201,4,125.00,127.00,46.00,46.00,1,-1,-1,-1
202,0,200.00,29.00,39.00,49.00,1,-1,-1,-1
202,1,131.00,56.00,45.00,41.00,1,-1,-1,-1
202,2,239.00,91.00,44.00,39.00,1,-1,-1,-1
202,3,205.00,156.00,26.00,28.00,1,-1,-1,-1
202,4,126.00,127.00,46.00,46.00,1,-1,-1,-1
203,0,199.00,29.00,39.00,50.00,1,-1,-1,-1
203,1,131.00,56.00,45.00,41.00,1,-1,-1,-1
203,2,238.00,91.00,44.00,39.00,1,-1,-1,-1
203,3,205.00,156.00,28.00,29.00,1,-1,-1,-1
203,4,126.00,128.00,47.00,46.00,1,-1,-1,-1
204,0,199.00,29.00,39.00,50.00,1,-1,-1,-1
204,1,130.00,57.00,45.00,41.00,1,-1,-1,-1
204,2,238.00,90.00,44.00,39.00,1,-1,-1,-1
204,3,206.00,156.00,28.00,30.00,1,-1,-1,-1
204,4,126.00,128.00,47.00,47.00,1,-1,-1,-1
205,0,197.00,29.00,40.00,49.00,1,-1,-1,-1
205,1,130.00,58.00,45.00,40.00,1,-1,-1,-1
205,2,238.00,90.00,44.00,39.00,1,-1,-1,-1
205,3,207.00,155.00,27.00,31.00,1,-1,-1,-1
205,4,127.00,129.00,46.00,47.00,1,-1,-1,-1
206,0,197.00,29.00,39.00,49.00,1,-1,-1,-1
206,1,129.00,58.00,45.00,40.00,1,-1,-1,-1
206,2,239.00,89.00,43.00,38.00,1,-1,-1,-1
206,3,208.00,155.00,26.00,28.00,1,-1,-1,-1
206,4,128.00,129.00,46.00,48.00,1,-1,-1,-1
207,0,196.00,29.00,39.00,49.00,1,-1,-1,-1
207,1,129.00,59.00,44.00,40.00,1,-1,-1,-1
207,2,239.00,88.00,43.00,38.00,1,-1,-1,-1
207,3,208.00,154.00,27.00,29.00,1,-1,-1,-1
207,4,128.00,129.00,46.00,49.00,1,-1,-1,-1
208,0,195.00,29.00,39.00,49.00,1,-1,-1,-1
208,1,128.00,59.00,45.00,40.00,1,-1,-1,-1
208,2,238.00,87.00,44.00,39.00,1,-1,-1,-1
208,3,209.00,154.00,27.00,28.00,1,-1,-1,-1
208,4,129.00,130.00,45.00,48.00,1,-1,-1,-1
209,0,194.00,29.00,39.00,49.00,1,-1,-1,-1
209,1,127.00,60.00,46.00,40.00,1,-1,-1,-1
209,2,239.00,86.00,42.00,39.00,1,-1,-1,-1
209,3,209.00,153.00,28.00,30.00,1,-1,-1,-1
209,4,129.00,131.00,46.00,47.00,1,-1,-1,-1
210,0,193.00,29.00,40.00,49.00,1,-1,-1,-1
210,1,128.00,61.00,44.00,40.00,1,-1,-1,-1
210,2,238.00,86.00,42.00,38.00,1,-1,-1,-1
210,3,210.00,153.00,30.00,32.00,1,-1,-1,-1
210,4,130.00,132.00,46.00,47.00,1,-1,-1,-1
211,0,193.00,29.00,39.00,48.00,1,-1,-1,-1
211,1,127.00,62.00,45.00,40.00,1,-1,-1,-1
211,2,239.00,85.00,41.00,38.00,1,-1,-1,-1
211,3,211.00,153.00,31.00,34.00,1,-1,-1,-1
211,4,131.00,133.00,45.00,46.00,1,-1,-1,-1
212,0,192.00,29.00,39.00,48.00,1,-1,-1,-1
212,1,126.00,63.00,46.00,39.00,1,-1,-1,-1
212,2,239.00,85.00,41.00,37.00,1,-1,-1,-1
212,3,211.00,153.00,32.00,34.00,1,-1,-1,-1
212,4,131.00,133.00,46.00,47.00,1,-1,-1,-1
213,0,191.00,29.00,40.00,49.00,1,-1,-1,-1
213,1,125.00,63.00,46.00,40.00,1,-1,-1,-1
213,2,238.00,84.00,41.00,38.00,1,-1,-1,-1
213,3,211.00,152.00,33.00,36.00,1,-1,-1,-1
213,4,132.00,134.00,45.00,47.00,1,-1,-1,-1
214,0,190.00,29.00,40.00,48.00,1,-1,-1,-1
214,1,125.00,64.00,46.00,39.00,1,-1,-1,-1
214,2,238.00,83.00,42.00,38.00,1,-1,-1,-1
214,3,211.00,152.00,32.00,34.00,1,-1,-1,-1
214,4,133.00,135.00,44.00,47.00,1,-1,-1,-1
215,0,189.00,28.00,40.00,49.00,1,-1,-1,-1
215,1,125.00,64.00,45.00,40.00,1,-1,-1,-1
215,2,238.00,82.00,42.00,39.00,1,-1,-1,-1
215,3,211.00,151.00,34.00,36.00,1,-1,-1,-1
215,4,133.00,135.00,45.00,47.00,1,-1,-1,-1
216,0,188.00,28.00,41.00,49.00,1,-1,-1,-1
216,1,124.00,65.00,46.00,40.00,1,-1,-1,-1
216,2,238.00,81.00,42.00,39.00,1,-1,-1,-1
216,3,212.00,151.00,34.00,35.00,1,-1,-1,-1
216,4,134.00,136.00,45.00,47.00,1,-1,-1,-1
217,0,187.00,28.00,41.00,49.00,1,-1,-1,-1
217,1,125.00,66.00,45.00,39.00,1,-1,-1,-1
217,2,238.00,80.00,42.00,39.00,1,-1,-1,-1
217,3,214.00,151.00,33.00,35.00,1,-1,-1,-1
217,4,134.00,136.00,45.00,48.00,1,-1,-1,-1
218,0,186.00,27.00,41.00,50.00,1,-1,-1,-1
218,1,125.00,66.00,45.00,40.00,1,-1,-1,-1
218,2,238.00,80.00,42.00,39.00,1,-1,-1,-1
218,3,215.00,151.00,32.00,34.00,1,-1,-1,-1
218,4,135.00,137.00,44.00,47.00,1,-1,-1,-1
219,0,184.00,28.00,42.00,49.00,1,-1,-1,-1
219,1,124.00,67.00,46.00,40.00,1,-1,-1,-1
219,2,238.00,79.00,42.00,40.00,1,-1,-1,-1
219,3,216.00,151.00,31.00,32.00,1,-1,-1,-1
219,4,135.00,137.00,45.00,48.00,1,-1,-1,-1
220,0,184.00,28.00,41.00,49.00,1,-1,-1,-1
220,1,123.00,67.00,46.00,40.00,1,-1,-1,-1
220,2,238.00,79.00,42.00,39.00,1,-1,-1,-1
220,3,217.00,150.00,32.00,33.00,1,-1,-1,-1
220,4,136.00,138.00,44.00,47.00,1,-1,-1,-1
221,0,183.00,28.00,42.00,48.00,1,-1,-1,-1
221,1,123.00,68.00,46.00,39.00,1,-1,-1,-1
221,2,238.00,78.00,42.00,39.00,1,-1,-1,-1
221,3,217.00,150.00,33.00,33.00,1,-1,-1,-1
221,4,137.00,138.00,44.00,48.00,1,-1,-1,-1
222,0,183.00,28.00,41.00,48.00,1,-1,-1,-1
222,1,122.00,69.00,46.00,39.00,1,-1,-1,-1
222,2,238.00,78.00,41.00,37.00,1,-1,-1,-1
222,3,217.00,149.00,34.00,35.00,1,-1,-1,-1
222,4,137.00,139.00,44.00,48.00,1,-1,-1,-1
223,0,183.00,29.00,41.00,47.00,1,-1,-1,-1
223,1,122.00,70.00,46.00,39.00,1,-1,-1,-1
223,2,238.00,77.00,41.00,37.00,1,-1,-1,-1
223,3,217.00,148.00,36.00,37.00,1,-1,-1,-1
223,4,138.00,139.00,43.00,48.00,1,-1,-1,-1
224,0,182.00,28.00,41.00,48.00,1,-1,-1,-1
224,1,122.00,70.00,46.00,39.00,1,-1,-1,-1
224,2,238.00,76.00,40.00,37.00,1,-1,-1,-1
224,3,218.00,147.00,36.00,38.00,1,-1,-1,-1
224,4,139.00,139.00,44.00,49.00,1,-1,-1,-1
225,0,181.00,28.00,41.00,47.00,1,-1,-1,-1
225,1,121.00,71.00,46.00,39.00,1,-1,-1,-1
225,2,237.00,76.00,40.00,36.00,1,-1,-1,-1
225,3,218.00,147.00,35.00,37.00,1,-1,-1,-1
225,4,140.00,140.00,43.00,48.00,1,-1,-1,-1
226,0,180.00,28.00,41.00,48.00,1,-1,-1,-1
226,1,120.00,72.00,47.00,38.00,1,-1,-1,-1
226,2,237.00,75.00,40.00,37.00,1,-1,-1,-1
226,3,219.00,147.00,34.00,36.00,1,-1,-1,-1
226,4,140.00,141.00,44.00,48.00,1,-1,-1,-1
227,0,179.00,28.00,41.00,48.00,1,-1,-1,-1
227,1,120.00,72.00,46.00,39.00,1,-1,-1,-1
227,2,237.00,74.00,40.00,37.00,1,-1,-1,-1
227,3,219.00,146.00,34.00,35.00,1,-1,-1,-1
227,4,141.00,141.00,43.00,48.00,1,-1,-1,-1
228,0,178.00,28.00,41.00,48.00,1,-1,-1,-1
228,1,120.00,73.00,47.00,39.00,1,-1,-1,-1
228,2,236.00,74.00,40.00,37.00,1,-1,-1,-1
228,3,219.00,146.00,35.00,35.00,1,-1,-1,-1
228,4,142.00,142.00,43.00,47.00,1,-1,-1,-1
229,0,178.00,28.00,41.00,48.00,1,-1,-1,-1
229,1,120.00,73.00,46.00,40.00,1,-1,-1,-1
229,2,236.00,73.00,41.00,38.00,1,-1,-1,-1
229,3,220.00,146.00,35.00,35.00,1,-1,-1,-1
229,4,142.00,142.00,44.00,47.00,1,-1,-1,-1
230,0,177.00,28.00,42.00,48.00,1,-1,-1,-1
230,1,119.00,74.00,47.00,39.00,1,-1,-1,-1
230,2,236.00,72.00,40.00,38.00,1,-1,-1,-1
230,3,220.00,145.00,38.00,36.00,1,-1,-1,-1
230,4,143.00,143.00,43.00,47.00,1,-1,-1,-1
231,0,176.00,28.00,42.00,48.00,1,-1,-1,-1
231,1,119.00,75.00,47.00,39.00,1,-1,-1,-1
231,2,235.00,71.00,41.00,39.00,1,-1,-1,-1
231,3,221.00,144.00,37.00,37.00,1,-1,-1,-1
231,4,144.00,143.00,43.00,47.00,1,-1,-1,-1
232,0,175.00,29.00,42.00,47.00,1,-1,-1,-1
232,1,119.00,76.00,47.00,38.00,1,-1,-1,-1
232,2,235.00,71.00,41.00,39.00,1,-1,-1,-1
232,3,221.00,144.00,39.00,37.00,1,-1,-1,-1
232,4,145.00,144.00,42.00,46.00,1,-1,-1,-1
233,0,175.00,29.00,41.00,47.00,1,-1,-1,-1
233,1,119.00,76.00,47.00,39.00,1,-1,-1,-1
233,2,235.00,70.00,41.00,39.00,1,-1,-1,-1
233,3,221.00,143.00,40.00,38.00,1,-1,-1,-1
233,4,145.00,144.00,42.00,46.00,1,-1,-1,-1
234,0,174.00,29.00,42.00,47.00,1,-1,-1,-1
234,1,118.00,77.00,47.00,39.00,1,-1,-1,-1
234,2,234.00,70.00,42.00,39.00,1,-1,-1,-1
234,3,221.00,142.00,41.00,38.00,1,-1,-1,-1
234,4,146.00,144.00,42.00,47.00,1,-1,-1,-1
235,0,173.00,29.00,42.00,48.00,1,-1,-1,-1
235,1,117.00,78.00,48.00,39.00,1,-1,-1,-1
235,2,234.00,69.00,41.00,40.00,1,-1,-1,-1
235,3,222.00,142.00,42.00,39.00,1,-1,-1,-1
235,4,147.00,145.00,42.00,47.00,1,-1,-1,-1
236,0,172.00,29.00,42.00,48.00,1,-1,-1,-1
236,1,118.00,79.00,47.00,39.00,1,-1,-1,-1
236,2,234.00,68.00,41.00,40.00,1,-1,-1,-1
236,3,223.00,142.00,42.00,38.00,1,-1,-1,-1
236,4,148.00,145.00,42.00,48.00,1,-1,-1,-1
237,0,171.00,29.00,43.00,48.00,1,-1,-1,-1
237,1,118.00,79.00,47.00,40.00,1,-1,-1,-1
237,2,234.00,67.00,41.00,41.00,1,-1,-1,-1
237,3,224.00,141.00,42.00,39.00,1,-1,-1,-1
237,4,148.00,145.00,42.00,48.00,1,-1,-1,-1
238,0,170.00,29.00,43.00,48.00,1,-1,-1,-1
238,1,117.00,80.00,48.00,40.00,1,-1,-1,-1
238,2,234.00,67.00,41.00,40.00,1,-1,-1,-1
238,3,224.00,141.00,42.00,38.00,1,-1,-1,-1
238,4,149.00,146.00,42.00,47.00,1,-1,-1,-1
239,0,169.00,29.00,43.00,48.00,1,-1,-1,-1
239,1,117.00,81.00,47.00,39.00,1,-1,-1,-1
239,2,233.00,66.00,42.00,40.00,1,-1,-1,-1
239,3,225.00,141.00,43.00,38.00,1,-1,-1,-1
239,4,150.00,147.00,42.00,46.00,1,-1,-1,-1
240,0,168.00,29.00,43.00,48.00,1,-1,-1,-1
240,1,117.00,81.00,47.00,39.00,1,-1,-1,-1
240,2,233.00,65.00,41.00,40.00,1,-1,-1,-1
240,3,226.00,141.00,42.00,36.00,1,-1,-1,-1
240,4,150.00,147.00,42.00,47.00,1,-1,-1,-1
241,0,168.00,29.00,42.00,48.00,1,-1,-1,-1
241,1,117.00,82.00,47.00,40.00,1,-1,-1,-1
241,2,232.00,64.00,42.00,40.00,1,-1,-1,-1
241,3,226.00,140.00,41.00,36.00,1,-1,-1,-1
241,4,151.00,148.00,42.00,46.00,1,-1,-1,-1
242,0,167.00,30.00,42.00,48.00,1,-1,-1,-1
242,1,117.00,83.00,47.00,39.00,1,-1,-1,-1
242,2,232.00,64.00,41.00,39.00,1,-1,-1,-1
242,3,227.00,139.00,41.00,36.00,1,-1,-1,-1
242,4,151.00,148.00,43.00,46.00,1,-1,-1,-1
243,0,166.00,30.00,43.00,48.00,1,-1,-1,-1
243,1,117.00,84.00,47.00,39.00,1,-1,-1,-1
243,2,232.00,63.00,40.00,40.00,1,-1,-1,-1
243,3,227.00,138.00,42.00,36.00,1,-1,-1,-1
243,4,152.00,148.00,42.00,46.00,1,-1,-1,-1
244,0,165.00,30.00,43.00,48.00,1,-1,-1,-1
244,1,117.00,84.00,47.00,39.00,1,-1,-1,-1
244,2,232.00,63.00,40.00,39.00,1,-1,-1,-1
244,3,227.00,138.00,41.00,35.00,1,-1,-1,-1
244,4,154.00,149.00,41.00,45.00,1,-1,-1,-1
245,0,164.00,30.00,44.00,48.00,1,-1,-1,-1
245,1,116.00,85.00,47.00,39.00,1,-1,-1,-1
245,2,232.00,63.00,39.00,39.00,1,-1,-1,-1
245,3,227.00,138.00,41.00,34.00,1,-1,-1,-1
245,4,154.00,149.00,42.00,45.00,1,-1,-1,-1
246,0,163.00,30.00,46.00,49.00,1,-1,-1,-1
246,1,116.00,86.00,47.00,39.00,1,-1,-1,-1
246,2,231.00,62.00,40.00,40.00,1,-1,-1,-1
246,3,228.00,137.00,41.00,34.00,1,-1,-1,-1
246,4,155.00,149.00,41.00,45.00,1,-1,-1,-1
247,0,162.00,30.00,46.00,49.00,1,-1,-1,-1
247,1,116.00,87.00,47.00,38.00,1,-1,-1,-1
247,2,231.00,61.00,40.00,40.00,1,-1,-1,-1
247,3,229.00,137.00,43.00,35.00,1,-1,-1,-1
247,4,156.00,149.00,41.00,45.00,1,-1,-1,-1
248,0,160.00,30.00,48.00,49.00,1,-1,-1,-1
248,1,116.00,87.00,47.00,39.00,1,-1,-1,-1
248,2,230.00,60.00,41.00,41.00,1,-1,-1,-1
248,3,229.00,136.00,44.00,36.00,1,-1,-1,-1
248,4,156.00,150.00,41.00,45.00,1,-1,-1,-1
249,0,160.00,30.00,47.00,49.00,1,-1,-1,-1
249,1,116.00,88.00,47.00,39.00,1,-1,-1,-1
249,2,230.00,60.00,40.00,40.00,1,-1,-1,-1
249,3,230.00,135.00,44.00,37.00,1,-1,-1,-1
249,4,157.00,150.00,41.00,45.00,1,-1,-1,-1
250,0,159.00,30.00,47.00,49.00,1,-1,-1,-1
250,1,116.00,89.00,47.00,38.00,1,-1,-1,-1
250,2,229.00,60.00,40.00,39.00,1,-1,-1,-1
250,3,230.00,134.00,44.00,37.00,1,-1,-1,-1
250,4,157.00,150.00,41.00,45.00,1,-1,-1,-1
251,0,158.00,31.00,47.00,48.00,1,-1,-1,-1
251,1,115.00,89.00,48.00,39.00,1,-1,-1,-1
251,2,229.00,59.00,40.00,39.00,1,-1,-1,-1
251,3,231.00,134.00,42.00,36.00,1,-1,-1,-1
251,4,158.00,150.00,40.00,46.00,1,-1,-1,-1
252,0,158.00,31.00,47.00,48.00,1,-1,-1,-1
252,1,116.00,90.00,46.00,39.00,1,-1,-1,-1
252,2,228.00,58.00,41.00,40.00,1,-1,-1,-1
252,3,232.00,134.00,40.00,35.00,1,-1,-1,-1
252,4,159.00,151.00,40.00,46.00,1,-1,-1,-1
253,0,157.00,31.00,47.00,49.00,1,-1,-1,-1
253,1,116.00,91.00,47.00,39.00,1,-1,-1,-1
253,2,228.00,57.00,40.00,40.00,1,-1,-1,-1
253,3,232.00,134.00,40.00,34.00,1,-1,-1,-1
253,4,159.00,151.00,41.00,45.00,1,-1,-1,-1
254,0,157.00,32.00,46.00,48.00,1,-1,-1,-1
254,1,116.00,91.00,47.00,39.00,1,-1,-1,-1
254,2,227.00,57.00,40.00,39.00,1,-1,-1,-1
254,3,233.00,133.00,41.00,35.00,1,-1,-1,-1
254,4,160.00,151.00,42.00,45.00,1,-1,-1,-1
255,0,155.00,32.00,47.00,48.00,1,-1,-1,-1
255,1,117.00,92.00,46.00,39.00,1,-1,-1,-1
255,2,227.00,56.00,40.00,40.00,1,-1,-1,-1
255,3,233.00,133.00,43.00,35.00,1,-1,-1,-1
255,4,161.00,151.00,42.00,46.00,1,-1,-1,-1
256,0,155.00,32.00,46.00,48.00,1,-1,-1,-1
256,1,116.00,93.00,46.00,39.00,1,-1,-1,-1
256,2,227.00,56.00,39.00,39.00,1,-1,-1,-1
256,3,234.00,132.00,44.00,35.00,1,-1,-1,-1
256,4,161.00,151.00,42.00,46.00,1,-1,-1,-1
257,0,154.00,32.00,46.00,48.00,1,-1,-1,-1
257,1,116.00,93.00,46.00,40.00,1,-1,-1,-1
257,2,226.00,55.00,40.00,39.00,1,-1,-1,-1
257,3,234.00,132.00,44.00,34.00,1,-1,-1,-1
257,4,162.00,151.00,42.00,47.00,1,-1,-1,-1
258,0,153.00,33.00,47.00,47.00,1,-1,-1,-1
258,1,116.00,94.00,46.00,39.00,1,-1,-1,-1
258,2,226.00,54.00,39.00,40.00,1,-1,-1,-1
258,3,234.00,130.00,43.00,35.00,1,-1,-1,-1
258,4,163.00,151.00,41.00,47.00,1,-1,-1,-1
259,0,153.00,33.00,45.00,47.00,1,-1,-1,-1
259,1,116.00,95.00,46.00,39.00,1,-1,-1,-1
259,2,225.00,54.00,40.00,39.00,1,-1,-1,-1
259,3,234.00,130.00,44.00,36.00,1,-1,-1,-1
259,4,164.00,151.00,41.00,47.00,1,-1,-1,-1
260,0,152.00,33.00,46.00,47.00,1,-1,-1,-1
260,1,116.00,96.00,47.00,39.00,1,-1,-1,-1
260,2,225.00,53.00,39.00,40.00,1,-1,-1,-1
260,3,234.00,129.00,45.00,36.00,1,-1,-1,-1
260,4,165.00,152.00,41.00,47.00,1,-1,-1,-1
261,0,151.00,34.00,47.00,47.00,1,-1,-1,-1
261,1,117.00,97.00,45.00,38.00,1,-1,-1,-1
261,2,224.00,53.00,39.00,39.00,1,-1,-1,-1
261,3,235.00,128.00,43.00,36.00,1,-1,-1,-1
261,4,166.00,152.00,41.00,47.00,1,-1,-1,-1
262,0,151.00,34.00,46.00,47.00,1,-1,-1,-1
262,1,117.00,98.00,45.00,39.00,1,-1,-1,-1
262,2,224.00,53.00,38.00,39.00,1,-1,-1,-1
262,3,235.00,128.00,43.00,35.00,1,-1,-1,-1
262,4,167.00,152.00,40.00,48.00,1,-1,-1,-1
263,0,150.00,34.00,47.00,47.00,1,-1,-1,-1
263,1,116.00,98.00,47.00,40.00,1,-1,-1,-1
263,2,223.00,53.00,38.00,38.00,1,-1,-1,-1
263,3,236.00,127.00,42.00,34.00,1,-1,-1,-1
263,4,167.00,152.00,42.00,48.00,1,-1,-1,-1
264,0,149.00,35.00,47.00,48.00,1,-1,-1,-1
264,1,116.00,99.00,47.00,39.00,1,-1,-1,-1
264,2,223.00,53.00,37.00,38.00,1,-1,-1,-1
264,3,237.00,127.00,42.00,33.00,1,-1,-1,-1
264,4,168.00,152.00,42.00,48.00,1,-1,-1,-1
265,0,149.00,36.00,47.00,47.00,1,-1,-1,-1
265,1,116.00,100.00,47.00,38.00,1,-1,-1,-1
265,2,222.00,52.00,38.00,39.00,1,-1,-1,-1
265,3,237.00,126.00,42.00,33.00,1,-1,-1,-1
265,4,169.00,153.00,41.00,47.00,1,-1,-1,-1
266,0,148.00,36.00,47.00,47.00,1,-1,-1,-1
266,1,116.00,100.00,47.00,39.00,1,-1,-1,-1
266,2,222.00,51.00,38.00,40.00,1,-1,-1,-1
266,3,238.00,125.00,44.00,34.00,1,-1,-1,-1
266,4,169.00,153.00,42.00,46.00,1,-1,-1,-1
267,0,148.00,36.00,47.00,48.00,1,-1,-1,-1
267,1,117.00,101.00,46.00,39.00,1,-1,-1,-1
267,2,222.00,51.00,37.00,40.00,1,-1,-1,-1
267,3,238.00,125.00,44.00,33.00,1,-1,-1,-1
267,4,170.00,152.00,42.00,47.00,1,-1,-1,-1
268,0,147.00,37.00,47.00,48.00,1,-1,-1,-1
268,1,117.00,102.00,46.00,39.00,1,-1,-1,-1
268,2,221.00,50.00,37.00,41.00,1,-1,-1,-1
268,3,238.00,124.00,45.00,34.00,1,-1,-1,-1
268,4,171.00,153.00,42.00,47.00,1,-1,-1,-1
269,0,146.00,37.00,47.00,48.00,1,-1,-1,-1
269,1,117.00,103.00,45.00,39.00,1,-1,-1,-1
269,2,221.00,49.00,37.00,41.00,1,-1,-1,-1
269,3,239.00,124.00,43.00,33.00,1,-1,-1,-1
269,4,171.00,152.00,43.00,47.00,1,-1,-1,-1
270,0,145.00,37.00,48.00,49.00,1,-1,-1,-1
270,1,117.00,103.00,46.00,39.00,1,-1,-1,-1
270,2,220.00,48.00,37.00,41.00,1,-1,-1,-1
270,3,239.00,123.00,44.00,33.00,1,-1,-1,-1
270,4,172.00,152.00,43.00,48.00,1,-1,-1,-1
271,0,144.00,38.00,48.00,48.00,1,-1,-1,-1
271,1,117.00,104.00,46.00,40.00,1,-1,-1,-1
271,2,220.00,48.00,37.00,41.00,1,-1,-1,-1
271,3,240.00,123.00,42.00,32.00,1,-1,-1,-1
271,4,172.00,152.00,43.00,48.00,1,-1,-1,-1
272,0,143.00,38.00,48.00,48.00,1,-1,-1,-1
272,1,117.00,104.00,46.00,41.00,1,-1,-1,-1
272,2,219.00,47.00,38.00,41.00,1,-1,-1,-1
272,3,240.00,122.00,43.00,32.00,1,-1,-1,-1
272,4,173.00,153.00,43.00,47.00,1,-1,-1,-1
273,0,142.00,39.00,49.00,47.00,1,-1,-1,-1
273,1,117.00,105.00,46.00,41.00,1,-1,-1,-1
273,2,218.00,46.00,39.00,42.00,1,-1,-1,-1
273,3,240.00,121.00,43.00,33.00,1,-1,-1,-1
273,4,174.00,153.00,41.00,46.00,1,-1,-1,-1
274,0,142.00,40.00,49.00,46.00,1,-1,-1,-1
274,1,118.00,105.00,45.00,41.00,1,-1,-1,-1
274,2,218.00,46.00,39.00,41.00,1,-1,-1,-1
274,3,240.00,120.00,43.00,33.00,1,-1,-1,-1
274,4,175.00,153.00,41.00,46.00,1,-1,-1,-1
275,0,141.00,40.00,50.00,46.00,1,-1,-1,-1
275,1,118.00,106.00,45.00,41.00,1,-1,-1,-1
275,2,217.00,46.00,39.00,41.00,1,-1,-1,-1
275,3,241.00,120.00,42.00,32.00,1,-1,-1,-1
275,4,176.00,153.00,40.00,45.00,1,-1,-1,-1
276,0,140.00,40.00,51.00,46.00,1,-1,-1,-1
276,1,118.00,107.00,45.00,40.00,1,-1,-1,-1
276,2,217.00,46.00,37.00,40.00,1,-1,-1,-1
276,3,241.00,119.00,43.00,33.00,1,-1,-1,-1
276,4,177.00,153.00,40.00,44.00,1,-1,-1,-1
277,0,139.00,41.00,51.00,45.00,1,-1,-1,-1
277,1,118.00,107.00,45.00,41.00,1,-1,-1,-1
277,2,217.00,45.00,37.00,40.00,1,-1,-1,-1
277,3,241.00,118.00,43.00,33.00,1,-1,-1,-1
277,4,178.00,153.00,41.00,45.00,1,-1,-1,-1
278,0,138.00,41.00,50.00,45.00,1,-1,-1,-1
278,1,118.00,108.00,45.00,41.00,1,-1,-1,-1
278,2,216.00,45.00,37.00,40.00,1,-1,-1,-1
278,3,241.00,117.00,44.00,34.00,1,-1,-1,-1
278,4,179.00,153.00,41.00,46.00,1,-1,-1,-1
279,0,138.00,42.00,49.00,44.00,1,-1,-1,-1
279,1,118.00,109.00,46.00,40.00,1,-1,-1,-1
279,2,216.00,45.00,36.00,40.00,1,-1,-1,-1
279,3,241.00,117.00,44.00,33.00,1,-1,-1,-1
279,4,180.00,153.00,41.00,46.00,1,-1,-1,-1
280,0,137.00,42.00,49.00,45.00,1,-1,-1,-1
280,1,119.00,110.00,45.00,39.00,1,-1,-1,-1
280,2,215.00,45.00,37.00,40.00,1,-1,-1,-1
280,3,241.00,116.00,45.00,33.00,1,-1,-1,-1
280,4,181.00,153.00,40.00,46.00,1,-1,-1,-1
281,0,137.00,43.00,49.00,44.00,1,-1,-1,-1
281,1,119.00,110.00,45.00,40.00,1,-1,-1,-1
281,2,214.00,44.00,38.00,41.00,1,-1,-1,-1
281,3,242.00,115.00,44.00,33.00,1,-1,-1,-1
281,4,181.00,153.00,41.00,46.00,1,-1,-1,-1
282,0,136.00,44.00,49.00,43.00,1,-1,-1,-1
282,1,120.00,111.00,44.00,40.00,1,-1,-1,-1
282,2,214.00,43.00,37.00,42.00,1,-1,-1,-1
282,3,242.00,114.00,44.00,34.00,1,-1,-1,-1
282,4,182.00,153.00,41.00,46.00,1,-1,-1,-1
283,0,136.00,44.00,48.00,43.00,1,-1,-1,-1
283,1,121.00,112.00,44.00,39.00,1,-1,-1,-1
283,2,213.00,43.00,38.00,42.00,1,-1,-1,-1
283,3,242.00,113.00,43.00,34.00,1,-1,-1,-1
283,4,182.00,153.00,41.00,46.00,1,-1,-1,-1
284,0,135.00,44.00,49.00,44.00,1,-1,-1,-1
284,1,121.00,112.00,44.00,40.00,1,-1,-1,-1
284,2,213.00,42.00,37.00,43.00,1,-1,-1,-1
284,3,242.00,113.00,43.00,32.00,1,-1,-1,-1
284,4,183.00,153.00,41.00,46.00,1,-1,-1,-1
285,0,134.00,45.00,50.00,43.00,1,-1,-1,-1
285,1,121.00,113.00,44.00,41.00,1,-1,-1,-1
285,2,212.00,42.00,37.00,43.00,1,-1,-1,-1
285,3,243.00,113.00,41.00,32.00,1,-1,-1,-1
285,4,184.00,154.00,41.00,45.00,1,-1,-1,-1
286,0,134.00,45.00,49.00,44.00,1,-1,-1,-1
286,1,121.00,114.00,44.00,41.00,1,-1,-1,-1
286,2,211.00,42.00,38.00,42.00,1,-1,-1,-1
286,3,243.00,112.00,42.00,32.00,1,-1,-1,-1
286,4,185.00,153.00,41.00,46.00,1,-1,-1,-1
287,0,133.00,46.00,49.00,43.00,1,-1,-1,-1
287,1,121.00,114.00,44.00,42.00,1,-1,-1,-1
287,2,210.00,42.00,38.00,41.00,1,-1,-1,-1
287,3,243.00,111.00,43.00,32.00,1,-1,-1,-1
287,4,186.00,154.00,41.00,45.00,1,-1,-1,-1
288,0,133.00,46.00,49.00,43.00,1,-1,-1,-1
288,1,121.00,115.00,45.00,42.00,1,-1,-1,-1
288,2,210.00,42.00,37.00,41.00,1,-1,-1,-1
288,3,243.00,111.00,44.00,32.00,1,-1,-1,-1
288,4,187.00,153.00,41.00,46.00,1,-1,-1,-1
289,0,132.00,47.00,49.00,43.00,1,-1,-1,-1
289,1,121.00,115.00,45.00,42.00,1,-1,-1,-1
289,2,209.00,41.00,38.00,42.00,1,-1,-1,-1
289,3,243.00,110.00,44.00,33.00,1,-1,-1,-1
289,4,188.00,153.00,40.00,47.00,1,-1,-1,-1
290,0,132.00,47.00,49.00,44.00,1,-1,-1,-1
290,1,121.00,116.00,45.00,42.00,1,-1,-1,-1
290,2,209.00,41.00,37.00,42.00,1,-1,-1,-1
290,3,243.00,109.00,44.00,33.00,1,-1,-1,-1
290,4,188.00,153.00,41.00,47.00,1,-1,-1,-1
291,0,131.00,48.00,50.00,43.00,1,-1,-1,-1
291,1,122.00,117.00,45.00,41.00,1,-1,-1,-1
291,2,209.00,40.00,37.00,43.00,1,-1,-1,-1
291,3,244.00,108.00,43.00,33.00,1,-1,-1,-1
291,4,189.00,153.00,41.00,46.00,1,-1,-1,-1
292,0,130.00,49.00,50.00,43.00,1,-1,-1,-1
292,1,123.00,118.00,43.00,41.00,1,-1,-1,-1
292,2,208.00,40.00,37.00,42.00,1,-1,-1,-1
292,3,243.00,107.00,45.00,33.00,1,-1,-1,-1
292,4,190.00,154.00,40.00,45.00,1,-1,-1,-1
293,0,130.00,49.00,50.00,43.00,1,-1,-1,-1
293,1,123.00,119.00,44.00,41.00,1,-1,-1,-1
293,2,207.00,39.00,38.00,43.00,1,-1,-1,-1
293,3,244.00,107.00,44.00,32.00,1,-1,-1,-1
293,4,191.00,155.00,41.00,45.00,1,-1,-1,-1
294,0,129.00,50.00,50.00,43.00,1,-1,-1,-1
294,1,124.00,119.00,43.00,41.00,1,-1,-1,-1
294,2,207.00,39.00,37.00,42.00,1,-1,-1,-1
294,3,244.00,106.00,44.00,32.00,1,-1,-1,-1
294,4,193.00,154.00,39.00,46.00,1,-1,-1,-1
295,0,128.00,50.00,51.00,44.00,1,-1,-1,-1
295,1,125.00,120.00,43.00,41.00,1,-1,-1,-1
295,2,206.00,38.00,38.00,43.00,1,-1,-1,-1
295,3,245.00,105.00,43.00,32.00,1,-1,-1,-1
295,4,194.00,154.00,39.00,45.00,1,-1,-1,-1
296,0,128.00,51.00,50.00,43.00,1,-1,-1,-1
296,1,125.00,120.00,43.00,42.00,1,-1,-1,-1
296,2,205.00,39.00,38.00,42.00,1,-1,-1,-1
296,3,245.00,104.00,43.00,32.00,1,-1,-1,-1
296,4,195.00,153.00,39.00,46.00,1,-1,-1,-1
297,0,127.00,52.00,51.00,43.00,1,-1,-1,-1
297,1,125.00,121.00,43.00,43.00,1,-1,-1,-1
297,2,205.00,39.00,37.00,42.00,1,-1,-1,-1
297,3,244.00,103.00,44.00,33.00,1,-1,-1,-1
297,4,195.00,153.00,41.00,45.00,1,-1,-1,-1
298,0,127.00,53.00,51.00,42.00,1,-1,-1,-1
298,1,125.00,121.00,43.00,44.00,1,-1,-1,-1
298,2,204.00,38.00,37.00,42.00,1,-1,-1,-1
298,3,244.00,103.00,43.00,32.00,1,-1,-1,-1
298,4,195.00,152.00,42.00,46.00,1,-1,-1,-1
299,0,127.00,53.00,50.00,42.00,1,-1,-1,-1
299,1,125.00,122.00,43.00,44.00,1,-1,-1,-1
299,2,203.00,38.00,37.00,42.00,1,-1,-1,-1
299,3,243.00,102.00,44.00,33.00,1,-1,-1,-1
299,4,196.00,152.00,42.00,45.00,1,-1,-1,-1
300,0,126.00,54.00,51.00,42.00,1,-1,-1,-1
300,1,125.00,123.00,43.00,42.00,1,-1,-1,-1
300,2,202.00,38.00,37.00,41.00,1,-1,-1,-1
300,3,244.00,102.00,43.00,32.00,1,-1,-1,-1
300,4,196.00,152.00,42.00,45.00,1,-1,-1,-1
301,0,126.00,54.00,50.00,43.00,1,-1,-1,-1
301,1,125.00,123.00,44.00,43.00,1,-1,-1,-1
301,2,202.00,38.00,36.00,40.00,1,-1,-1,-1
301,3,244.00,101.00,44.00,32.00,1,-1,-1,-1
301,4,197.00,151.00,41.00,46.00,1,-1,-1,-1
302,0,125.00,55.00,51.00,42.00,1,-1,-1,-1
302,1,126.00,124.00,43.00,42.00,1,-1,-1,-1
302,2,201.00,38.00,36.00,40.00,1,-1,-1,-1
302,3,244.00,100.00,44.00,32.00,1,-1,-1,-1
302,4,198.00,151.00,41.00,45.00,1,-1,-1,-1
303,0,124.00,55.00,52.00,42.00,1,-1,-1,-1
303,1,127.00,125.00,42.00,42.00,1,-1,-1,-1
303,2,200.00,37.00,37.00,41.00,1,-1,-1,-1
303,3,245.00,99.00,43.00,32.00,1,-1,-1,-1
303,4,199.00,151.00,41.00,45.00,1,-1,-1,-1
304,0,123.00,56.00,53.00,42.00,1,-1,-1,-1
304,1,128.00,126.00,42.00,42.00,1,-1,-1,-1
304,2,200.00,37.00,35.00,41.00,1,-1,-1,-1
304,3,245.00,99.00,43.00,31.00,1,-1,-1,-1
304,4,199.00,151.00,42.00,46.00,1,-1,-1,-1
305,0,123.00,57.00,52.00,41.00,1,-1,-1,-1
305,1,129.00,126.00,41.00,43.00,1,-1,-1,-1
305,2,199.00,36.00,36.00,41.00,1,-1,-1,-1
305,3,245.00,98.00,44.00,31.00,1,-1,-1,-1
305,4,200.00,151.00,42.00,46.00,1,-1,-1,-1
306,0,123.00,57.00,51.00,42.00,1,-1,-1,-1
306,1,129.00,127.00,42.00,42.00,1,-1,-1,-1
306,2,199.00,36.00,35.00,42.00,1,-1,-1,-1
306,3,245.00,97.00,44.00,31.00,1,-1,-1,-1
306,4,200.00,151.00,43.00,45.00,1,-1,-1,-1
307,0,123.00,58.00,51.00,42.00,1,-1,-1,-1
307,1,130.00,128.00,41.00,42.00,1,-1,-1,-1
307,2,198.00,35.00,35.00,42.00,1,-1,-1,-1
307,3,245.00,96.00,43.00,32.00,1,-1,-1,-1
307,4,201.00,150.00,43.00,45.00,1,-1,-1,-1
308,0,122.00,59.00,52.00,41.00,1,-1,-1,-1
308,1,130.00,129.00,41.00,42.00,1,-1,-1,-1
308,2,197.00,36.00,35.00,41.00,1,-1,-1,-1
308,3,244.00,94.00,45.00,34.00,1,-1,-1,-1
308,4,201.00,149.00,44.00,46.00,1,-1,-1,-1
309,0,122.00,60.00,52.00,41.00,1,-1,-1,-1
309,1,130.00,129.00,42.00,42.00,1,-1,-1,-1
309,2,196.00,37.00,36.00,41.00,1,-1,-1,-1
309,3,245.00,92.00,44.00,35.00,1,-1,-1,-1
309,4,202.00,149.00,44.00,45.00,1,-1,-1,-1
310,0,121.00,60.00,52.00,42.00,1,-1,-1,-1
310,1,129.00,129.00,43.00,44.00,1,-1,-1,-1
310,2,196.00,36.00,36.00,42.00,1,-1,-1,-1
310,3,245.00,91.00,45.00,35.00,1,-1,-1,-1
310,4,203.00,149.00,44.00,46.00,1,-1,-1,-1
311,0,121.00,61.00,51.00,41.00,1,-1,-1,-1
311,1,129.00,130.00,43.00,44.00,1,-1,-1,-1
311,2,195.00,37.00,36.00,41.00,1,-1,-1,-1
311,3,246.00,90.00,44.00,35.00,1,-1,-1,-1
311,4,203.00,148.00,44.00,47.00,1,-1,-1,-1
312,0,120.00,62.00,52.00,41.00,1,-1,-1,-1
312,1,130.00,130.00,43.00,45.00,1,-1,-1,-1
312,2,194.00,36.00,36.00,41.00,1,-1,-1,-1
312,3,245.00,90.00,44.00,35.00,1,-1,-1,-1
312,4,204.00,148.00,44.00,46.00,1,-1,-1,-1
313,0,119.00,62.00,52.00,41.00,1,-1,-1,-1
313,1,131.00,130.00,42.00,46.00,1,-1,-1,-1
313,2,193.00,36.00,36.00,41.00,1,-1,-1,-1
313,3,245.00,89.00,44.00,36.00,1,-1,-1,-1
313,4,204.00,149.00,45.00,45.00,1,-1,-1,-1
314,0,119.00,63.00,52.00,41.00,1,-1,-1,-1
314,1,132.00,131.00,42.00,45.00,1,-1,-1,-1
314,2,193.00,36.00,36.00,41.00,1,-1,-1,-1
314,3,244.00,89.00,45.00,35.00,1,-1,-1,-1
314,4,205.00,148.00,45.00,47.00,1,-1,-1,-1
315,0,119.00,64.00,51.00,40.00,1,-1,-1,-1
315,1,132.00,131.00,42.00,46.00,1,-1,-1,-1
315,2,192.00,36.00,37.00,41.00,1,-1,-1,-1
315,3,244.00,89.00,44.00,35.00,1,-1,-1,-1
315,4,206.00,148.00,45.00,46.00,1,-1,-1,-1
316,0,119.00,65.00,51.00,40.00,1,-1,-1,-1
316,1,134.00,132.00,41.00,45.00,1,-1,-1,-1
316,2,191.00,35.00,37.00,42.00,1,-1,-1,-1
316,3,244.00,89.00,43.00,34.00,1,-1,-1,-1
316,4,206.00,147.00,46.00,47.00,1,-1,-1,-1
317,0,118.00,66.00,51.00,40.00,1,-1,-1,-1
317,1,134.00,133.00,42.00,44.00,1,-1,-1,-1
317,2,190.00,36.00,38.00,41.00,1,-1,-1,-1
317,3,245.00,88.00,42.00,33.00,1,-1,-1,-1
317,4,207.00,147.00,46.00,46.00,1,-1,-1,-1
318,0,117.00,67.00,52.00,40.00,1,-1,-1,-1
318,1,136.00,133.00,40.00,44.00,1,-1,-1,-1
318,2,190.00,36.00,37.00,41.00,1,-1,-1,-1
318,3,244.00,87.00,43.00,34.00,1,-1,-1,-1
318,4,208.00,146.00,46.00,47.00,1,-1,-1,-1
319,0,117.00,67.00,52.00,40.00,1,-1,-1,-1
319,1,136.00,134.00,40.00,42.00,1,-1,-1,-1
319,2,189.00,36.00,36.00,41.00,1,-1,-1,-1
319,3,244.00,86.00,42.00,34.00,1,-1,-1,-1
319,4,209.00,146.00,46.00,47.00,1,-1,-1,-1
320,0,117.00,68.00,51.00,40.00,1,-1,-1,-1
320,1,137.00,135.00,40.00,42.00,1,-1,-1,-1
320,2,188.00,36.00,37.00,41.00,1,-1,-1,-1
320,3,244.00,85.00,43.00,34.00,1,-1,-1,-1
320,4,209.00,146.00,46.00,47.00,1,-1,-1,-1
321,0,117.00,69.00,51.00,40.00,1,-1,-1,-1
321,1,136.00,136.00,41.00,42.00,1,-1,-1,-1
321,2,187.00,36.00,37.00,40.00,1,-1,-1,-1
321,3,244.00,84.00,42.00,34.00,1,-1,-1,-1
321,4,210.00,145.00,46.00,47.00,1,-1,-1,-1
322,0,116.00,69.00,52.00,40.00,1,-1,-1,-1
322,1,137.00,136.00,41.00,44.00,1,-1,-1,-1
322,2,186.00,36.00,37.00,40.00,1,-1,-1,-1
322,3,243.00,84.00,42.00,34.00,1,-1,-1,-1
322,4,210.00,144.00,47.00,48.00,1,-1,-1,-1
323,0,116.00,70.00,52.00,39.00,1,-1,-1,-1
323,1,137.00,137.00,41.00,43.00,1,-1,-1,-1
323,2,186.00,35.00,36.00,40.00,1,-1,-1,-1
323,3,243.00,84.00,41.00,33.00,1,-1,-1,-1
323,4,211.00,144.00,47.00,47.00,1,-1,-1,-1
324,0,116.00,71.00,51.00,39.00,1,-1,-1,-1
324,1,137.00,137.00,41.00,45.00,1,-1,-1,-1
324,2,185.00,35.00,37.00,41.00,1,-1,-1,-1
324,3,243.00,83.00,41.00,33.00,1,-1,-1,-1
324,4,212.00,144.00,46.00,46.00,1,-1,-1,-1
325,0,116.00,72.00,51.00,39.00,1,-1,-1,-1
325,1,137.00,138.00,42.00,44.00,1,-1,-1,-1
325,2,184.00,35.00,37.00,41.00,1,-1,-1,-1
325,3,243.00,82.00,41.00,34.00,1,-1,-1,-1
325,4,212.00,144.00,46.00,46.00,1,-1,-1,-1
326,0,115.00,73.00,51.00,39.00,1,-1,-1,-1
326,1,138.00,138.00,41.00,45.00,1,-1,-1,-1
326,2,183.00,35.00,37.00,41.00,1,-1,-1,-1
326,3,243.00,81.00,41.00,34.00,1,-1,-1,-1
326,4,213.00,143.00,47.00,46.00,1,-1,-1,-1
327,0,115.00,73.00,51.00,40.00,1,-1,-1,-1
327,1,139.00,139.00,41.00,44.00,1,-1,-1,-1
327,2,182.00,35.00,37.00,41.00,1,-1,-1,-1
327,3,243.00,80.00,41.00,34.00,1,-1,-1,-1
327,4,214.00,143.00,47.00,46.00,1,-1,-1,-1
328,0,115.00,74.00,51.00,40.00,1,-1,-1,-1
328,1,140.00,139.00,41.00,44.00,1,-1,-1,-1
328,2,181.00,35.00,37.00,41.00,1,-1,-1,-1
328,3,243.00,78.00,41.00,35.00,1,-1,-1,-1
328,4,215.00,142.00,47.00,47.00,1,-1,-1,-1
329,0,115.00,74.00,51.00,40.00,1,-1,-1,-1
329,1,141.00,139.00,40.00,44.00,1,-1,-1,-1
329,2,181.00,35.00,37.00,41.00,1,-1,-1,-1
329,3,242.00,77.00,42.00,35.00,1,-1,-1,-1
329,4,215.00,142.00,46.00,46.00,1,-1,-1,-1
330,0,114.00,75.00,52.00,40.00,1,-1,-1,-1
330,1,142.00,139.00,40.00,44.00,1,-1,-1,-1
330,2,180.00,35.00,37.00,42.00,1,-1,-1,-1
330,3,243.00,77.00,41.00,34.00,1,-1,-1,-1
330,4,216.00,141.00,46.00,47.00,1,-1,-1,-1
331,0,114.00,76.00,51.00,40.00,1,-1,-1,-1
331,1,143.00,139.00,40.00,45.00,1,-1,-1,-1
331,2,179.00,35.00,38.00,43.00,1,-1,-1,-1
331,3,242.00,76.00,42.00,35.00,1,-1,-1,-1
331,4,217.00,141.00,46.00,46.00,1,-1,-1,-1
332,0,114.00,76.00,51.00,41.00,1,-1,-1,-1
332,1,143.00,140.00,41.00,45.00,1,-1,-1,-1
332,2,178.00,35.00,38.00,42.00,1,-1,-1,-1
332,3,242.00,75.00,41.00,35.00,1,-1,-1,-1
332,4,217.00,140.00,47.00,46.00,1,-1,-1,-1
333,0,113.00,77.00,52.00,40.00,1,-1,-1,-1
333,1,144.00,140.00,40.00,46.00,1,-1,-1,-1
333,2,178.00,35.00,37.00,42.00,1,-1,-1,-1
333,3,242.00,74.00,41.00,36.00,1,-1,-1,-1
333,4,219.00,139.00,45.00,46.00,1,-1,-1,-1
334,0,113.00,78.00,52.00,40.00,1,-1,-1,-1
334,1,144.00,141.00,40.00,46.00,1,-1,-1,-1
334,2,177.00,35.00,37.00,41.00,1,-1,-1,-1
334,3,241.00,74.00,41.00,35.00,1,-1,-1,-1
334,4,220.00,139.00,44.00,46.00,1,-1,-1,-1
335,0,113.00,79.00,52.00,40.00,1,-1,-1,-1
335,1,145.00,142.00,40.00,45.00,1,-1,-1,-1
335,2,176.00,35.00,37.00,41.00,1,-1,-1,-1
335,3,242.00,74.00,39.00,35.00,1,-1,-1,-1
335,4,220.00,138.00,45.00,46.00,1,-1,-1,-1
336,0,113.00,79.00,52.00,41.00,1,-1,-1,-1
336,1,146.00,142.00,39.00,46.00,1,-1,-1,-1
336,2,175.00,35.00,38.00,41.00,1,-1,-1,-1
336,3,241.00,73.00,39.00,35.00,1,-1,-1,-1
336,4,221.00,138.00,45.00,46.00,1,-1,-1,-1
337,0,112.00,80.00,53.00,41.00,1,-1,-1,-1
337,1,146.00,143.00,40.00,45.00,1,-1,-1,-1
337,2,175.00,35.00,37.00,41.00,1,-1,-1,-1
337,3,241.00,72.00,39.00,34.00,1,-1,-1,-1
337,4,221.00,137.00,46.00,47.00,1,-1,-1,-1
338,0,112.00,81.00,53.00,41.00,1,-1,-1,-1
338,1,147.00,143.00,39.00,45.00,1,-1,-1,-1
338,2,174.00,35.00,37.00,41.00,1,-1,-1,-1
338,3,241.00,72.00,39.00,34.00,1,-1,-1,-1
338,4,221.00,137.00,47.00,46.00,1,-1,-1,-1
339,0,112.00,82.00,52.00,41.00,1,-1,-1,-1
339,1,148.00,144.00,39.00,44.00,1,-1,-1,-1
339,2,174.00,36.00,36.00,39.00,1,-1,-1,-1
339,3,241.00,71.00,38.00,34.00,1,-1,-1,-1
339,4,222.00,136.00,47.00,47.00,1,-1,-1,-1
340,0,111.00,82.00,53.00,41.00,1,-1,-1,-1
340,1,149.00,144.00,38.00,43.00,1,-1,-1,-1
340,2,173.00,36.00,37.00,40.00,1,-1,-1,-1
340,3,240.00,72.00,39.00,33.00,1,-1,-1,-1
340,4,222.00,136.00,47.00,46.00,1,-1,-1,-1
341,0,111.00,84.00,52.00,40.00,1,-1,-1,-1
341,1,149.00,144.00,39.00,44.00,1,-1,-1,-1
341,2,171.00,35.00,38.00,41.00,1,-1,-1,-1
341,3,239.00,69.00,40.00,35.00,1,-1,-1,-1
341,4,223.00,135.00,47.00,47.00,1,-1,-1,-1
342,0,111.00,84.00,52.00,41.00,1,-1,-1,-1
342,1,150.00,144.00,39.00,44.00,1,-1,-1,-1
342,2,171.00,35.00,37.00,42.00,1,-1,-1,-1
342,3,239.00,68.00,39.00,36.00,1,-1,-1,-1
342,4,224.00,135.00,46.00,46.00,1,-1,-1,-1
343,0,111.00,84.00,52.00,42.00,1,-1,-1,-1
343,1,151.00,144.00,39.00,45.00,1,-1,-1,-1
343,2,170.00,35.00,38.00,42.00,1,-1,-1,-1
343,3,238.00,66.00,40.00,38.00,1,-1,-1,-1
343,4,224.00,134.00,46.00,47.00,1,-1,-1,-1
344,0,111.00,85.00,53.00,41.00,1,-1,-1,-1
344,1,152.00,145.00,39.00,43.00,1,-1,-1,-1
344,2,169.00,36.00,39.00,42.00,1,-1,-1,-1
344,3,238.00,65.00,40.00,38.00,1,-1,-1,-1
344,4,224.00,133.00,47.00,47.00,1,-1,-1,-1
345,0,112.00,86.00,51.00,41.00,1,-1,-1,-1
345,1,153.00,145.00,38.00,44.00,1,-1,-1,-1
345,2,169.00,36.00,38.00,42.00,1,-1,-1,-1
345,3,238.00,67.00,38.00,35.00,1,-1,-1,-1
345,4,225.00,133.00,47.00,47.00,1,-1,-1,-1
346,0,112.00,87.00,51.00,41.00,1,-1,-1,-1
346,1,153.00,146.00,39.00,45.00,1,-1,-1,-1
346,2,168.00,36.00,39.00,42.00,1,-1,-1,-1
346,3,238.00,67.00,37.00,34.00,1,-1,-1,-1
346,4,225.00,132.00,48.00,47.00,1,-1,-1,-1
347,0,112.00,87.00,51.00,42.00,1,-1,-1,-1
347,1,154.00,146.00,39.00,46.00,1,-1,-1,-1
347,2,167.00,37.00,39.00,41.00,1,-1,-1,-1
347,3,238.00,65.00,37.00,35.00,1,-1,-1,-1
347,4,226.00,132.00,48.00,46.00,1,-1,-1,-1
348,0,111.00,88.00,52.00,42.00,1,-1,-1,-1
348,1,154.00,147.00,39.00,45.00,1,-1,-1,-1
348,2,166.00,36.00,39.00,42.00,1,-1,-1,-1
348,3,238.00,64.00,37.00,35.00,1,-1,-1,-1
348,4,227.00,131.00,47.00,46.00,1,-1,-1,-1
349,0,111.00,89.00,52.00,42.00,1,-1,-1,-1
349,1,155.00,147.00,39.00,45.00,1,-1,-1,-1
349,2,166.00,37.00,39.00,41.00,1,-1,-1,-1
349,3,237.00,62.00,38.00,36.00,1,-1,-1,-1
349,4,227.00,131.00,48.00,45.00,1,-1,-1,-1
350,0,111.00,90.00,51.00,41.00,1,-1,-1,-1
350,1,156.00,147.00,38.00,45.00,1,-1,-1,-1
350,2,165.00,37.00,39.00,41.00,1,-1,-1,-1
350,3,238.00,62.00,37.00,35.00,1,-1,-1,-1
350,4,228.00,130.00,47.00,45.00,1,-1,-1,-1
351,0,111.00,91.00,51.00,42.00,1,-1,-1,-1
351,1,157.00,147.00,38.00,46.00,1,-1,-1,-1
351,2,164.00,37.00,39.00,41.00,1,-1,-1,-1
351,3,238.00,61.00,37.00,35.00,1,-1,-1,-1
351,4,229.00,129.00,46.00,45.00,1,-1,-1,-1
352,0,111.00,91.00,51.00,42.00,1,-1,-1,-1
352,1,158.00,148.00,38.00,45.00,1,-1,-1,-1
352,2,163.00,37.00,39.00,42.00,1,-1,-1,-1
352,3,238.00,61.00,36.00,35.00,1,-1,-1,-1
352,4,230.00,129.00,45.00,45.00,1,-1,-1,-1
353,0,111.00,92.00,51.00,42.00,1,-1,-1,-1
353,1,158.00,148.00,38.00,45.00,1,-1,-1,-1
353,2,163.00,37.00,39.00,42.00,1,-1,-1,-1
353,3,237.00,61.00,36.00,34.00,1,-1,-1,-1
353,4,230.00,129.00,46.00,44.00,1,-1,-1,-1
354,0,111.00,92.00,51.00,42.00,1,-1,-1,-1
354,1,159.00,148.00,38.00,44.00,1,-1,-1,-1
354,2,162.00,38.00,40.00,41.00,1,-1,-1,-1
354,3,236.00,59.00,37.00,36.00,1,-1,-1,-1
354,4,231.00,128.00,45.00,45.00,1,-1,-1,-1
355,0,111.00,92.00,51.00,44.00,1,-1,-1,-1
355,1,160.00,148.00,37.00,44.00,1,-1,-1,-1
355,2,162.00,38.00,40.00,42.00,1,-1,-1,-1
355,3,235.00,58.00,37.00,37.00,1,-1,-1,-1
355,4,231.00,128.00,46.00,44.00,1,-1,-1,-1
356,0,111.00,93.00,51.00,44.00,1,-1,-1,-1
356,1,160.00,149.00,39.00,43.00,1,-1,-1,-1
356,2,161.00,39.00,40.00,41.00,1,-1,-1,-1
356,3,235.00,58.00,36.00,37.00,1,-1,-1,-1
356,4,231.00,127.00,47.00,44.00,1,-1,-1,-1
357,0,111.00,93.00,51.00,45.00,1,-1,-1,-1
357,1,160.00,149.00,39.00,44.00,1,-1,-1,-1
357,2,161.00,39.00,39.00,41.00,1,-1,-1,-1
357,3,235.00,58.00,34.00,36.00,1,-1,-1,-1
357,4,231.00,126.00,48.00,45.00,1,-1,-1,-1
358,0,110.00,95.00,52.00,43.00,1,-1,-1,-1
358,1,161.00,149.00,39.00,45.00,1,-1,-1,-1
358,2,160.00,40.00,39.00,40.00,1,-1,-1,-1
358,3,235.00,59.00,33.00,34.00,1,-1,-1,-1
358,4,232.00,126.00,47.00,44.00,1,-1,-1,-1
359,0,111.00,96.00,51.00,43.00,1,-1,-1,-1
359,1,163.00,149.00,37.00,45.00,1,-1,-1,-1
359,2,159.00,40.00,39.00,41.00,1,-1,-1,-1
359,3,234.00,57.00,34.00,36.00,1,-1,-1,-1
359,4,232.00,125.00,47.00,45.00,1,-1,-1,-1
360,0,111.00,97.00,51.00,43.00,1,-1,-1,-1
360,1,163.00,149.00,38.00,45.00,1,-1,-1,-1
360,2,159.00,40.00,39.00,42.00,1,-1,-1,-1
360,3,234.00,56.00,34.00,36.00,1,-1,-1,-1
360,4,233.00,124.00,47.00,45.00,1,-1,-1,-1
361,0,111.00,97.00,52.00,44.00,1,-1,-1,-1
361,1,164.00,150.00,37.00,44.00,1,-1,-1,-1
361,2,158.00,41.00,39.00,41.00,1,-1,-1,-1
361,3,234.00,54.00,34.00,37.00,1,-1,-1,-1
361,4,233.00,123.00,48.00,45.00,1,-1,-1,-1
362,0,111.00,98.00,52.00,44.00,1,-1,-1,-1
362,1,165.00,150.00,37.00,44.00,1,-1,-1,-1
362,2,158.00,41.00,38.00,41.00,1,-1,-1,-1
362,3,233.00,54.00,34.00,36.00,1,-1,-1,-1
362,4,234.00,123.00,47.00,44.00,1,-1,-1,-1
363,0,111.00,98.00,52.00,45.00,1,-1,-1,-1
363,1,165.00,150.00,38.00,44.00,1,-1,-1,-1
363,2,157.00,42.00,38.00,40.00,1,-1,-1,-1
363,3,234.00,53.00,33.00,36.00,1,-1,-1,-1
363,4,234.00,123.00,48.00,43.00,1,-1,-1,-1
364,0,111.00,98.00,52.00,45.00,1,-1,-1,-1
364,1,166.00,150.00,38.00,44.00,1,-1,-1,-1
364,2,156.00,42.00,40.00,41.00,1,-1,-1,-1
364,3,234.00,52.00,32.00,36.00,1,-1,-1,-1
364,4,234.00,122.00,47.00,44.00,1,-1,-1,-1
365,0,111.00,99.00,52.00,45.00,1,-1,-1,-1
365,1,167.00,150.00,38.00,45.00,1,-1,-1,-1
365,2,155.00,42.00,40.00,42.00,1,-1,-1,-1
365,3,231.00,51.00,35.00,38.00,1,-1,-1,-1
365,4,235.00,121.00,46.00,44.00,1,-1,-1,-1
366,0,111.00,99.00,52.00,46.00,1,-1,-1,-1
366,1,167.00,150.00,39.00,45.00,1,-1,-1,-1
366,2,154.00,41.00,41.00,43.00,1,-1,-1,-1
366,3,230.00,50.00,37.00,39.00,1,-1,-1,-1
366,4,236.00,120.00,46.00,44.00,1,-1,-1,-1
367,0,111.00,100.00,52.00,45.00,1,-1,-1,-1
367,1,168.00,150.00,38.00,44.00,1,-1,-1,-1
367,2,153.00,42.00,40.00,41.00,1,-1,-1,-1
367,3,229.00,50.00,37.00,39.00,1,-1,-1,-1
367,4,236.00,120.00,46.00,43.00,1,-1,-1,-1
368,0,112.00,101.00,51.00,45.00,1,-1,-1,-1
368,1,169.00,151.00,37.00,43.00,1,-1,-1,-1
368,2,153.00,42.00,39.00,41.00,1,-1,-1,-1
368,3,228.00,51.00,37.00,38.00,1,-1,-1,-1
368,4,236.00,119.00,47.00,43.00,1,-1,-1,-1
369,0,112.00,102.00,51.00,44.00,1,-1,-1,-1
369,1,170.00,151.00,38.00,43.00,1,-1,-1,-1
369,2,152.00,42.00,39.00,41.00,1,-1,-1,-1
369,3,228.00,50.00,36.00,38.00,1,-1,-1,-1
369,4,236.00,118.00,47.00,43.00,1,-1,-1,-1
370,0,112.00,102.00,51.00,46.00,1,-1,-1,-1
370,1,171.00,151.00,37.00,43.00,1,-1,-1,-1
370,2,151.00,43.00,40.00,40.00,1,-1,-1,-1
370,3,227.00,48.00,36.00,40.00,1,-1,-1,-1
370,4,237.00,118.00,46.00,42.00,1,-1,-1,-1
371,0,112.00,104.00,51.00,44.00,1,-1,-1,-1
371,1,172.00,151.00,37.00,43.00,1,-1,-1,-1
371,2,150.00,43.00,41.00,41.00,1,-1,-1,-1
371,3,226.00,46.00,37.00,41.00,1,-1,-1,-1
371,4,237.00,117.00,46.00,43.00,1,-1,-1,-1
372,0,112.00,104.00,51.00,45.00,1,-1,-1,-1
372,1,172.00,151.00,38.00,44.00,1,-1,-1,-1
372,2,149.00,43.00,41.00,41.00,1,-1,-1,-1
372,3,226.00,46.00,37.00,41.00,1,-1,-1,-1
372,4,237.00,116.00,47.00,43.00,1,-1,-1,-1
373,0,112.00,104.00,51.00,47.00,1,-1,-1,-1
373,1,174.00,151.00,36.00,43.00,1,-1,-1,-1
373,2,149.00,43.00,40.00,41.00,1,-1,-1,-1
373,3,225.00,46.00,37.00,41.00,1,-1,-1,-1
373,4,237.00,115.00,47.00,43.00,1,-1,-1,-1
374,0,113.00,105.00,50.00,47.00,1,-1,-1,-1
374,1,174.00,152.00,37.00,42.00,1,-1,-1,-1
374,2,148.00,44.00,41.00,41.00,1,-1,-1,-1
374,3,225.00,45.00,37.00,41.00,1,-1,-1,-1
374,4,238.00,115.00,47.00,43.00,1,-1,-1,-1
375,0,113.00,105.00,50.00,48.00,1,-1,-1,-1
375,1,175.00,152.00,37.00,43.00,1,-1,-1,-1
375,2,147.00,44.00,42.00,41.00,1,-1,-1,-1
375,3,225.00,46.00,36.00,40.00,1,-1,-1,-1
375,4,238.00,114.00,47.00,43.00,1,-1,-1,-1
376,0,113.00,106.00,50.00,47.00,1,-1,-1,-1
376,1,175.00,152.00,38.00,44.00,1,-1,-1,-1
376,2,147.00,44.00,41.00,42.00,1,-1,-1,-1
376,3,225.00,46.00,35.00,38.00,1,-1,-1,-1
376,4,238.00,113.00,48.00,43.00,1,-1,-1,-1
377,0,113.00,107.00,51.00,47.00,1,-1,-1,-1
377,1,176.00,152.00,37.00,43.00,1,-1,-1,-1
377,2,146.00,45.00,41.00,41.00,1,-1,-1,-1
377,3,225.00,46.00,34.00,37.00,1,-1,-1,-1
377,4,238.00,113.00,48.00,42.00,1,-1,-1,-1
378,0,113.00,108.00,51.00,46.00,1,-1,-1,-1
378,1,177.00,152.00,37.00,43.00,1,-1,-1,-1
378,2,145.00,46.00,41.00,40.00,1,-1,-1,-1
378,3,224.00,47.00,34.00,36.00,1,-1,-1,-1
378,4,238.00,112.00,48.00,42.00,1,-1,-1,-1
379,0,114.00,109.00,50.00,46.00,1,-1,-1,-1
379,1,178.00,151.00,37.00,45.00,1,-1,-1,-1
379,2,144.00,46.00,41.00,40.00,1,-1,-1,-1
379,3,223.00,46.00,34.00,37.00,1,-1,-1,-1
379,4,238.00,111.00,49.00,43.00,1,-1,-1,-1
380,0,114.00,110.00,50.00,46.00,1,-1,-1,-1
380,1,179.00,152.00,37.00,44.00,1,-1,-1,-1
380,2,144.00,47.00,40.00,40.00,1,-1,-1,-1
380,3,223.00,46.00,33.00,37.00,1,-1,-1,-1
380,4,238.00,110.00,49.00,43.00,1,-1,-1,-1
381,0,114.00,111.00,50.00,46.00,1,-1,-1,-1
381,1,180.00,152.00,36.00,44.00,1,-1,-1,-1
381,2,143.00,48.00,41.00,39.00,1,-1,-1,-1
381,3,222.00,45.00,33.00,38.00,1,-1,-1,-1
381,4,238.00,109.00,49.00,43.00,1,-1,-1,-1
382,0,114.00,112.00,50.00,46.00,1,-1,-1,-1
382,1,181.00,152.00,36.00,43.00,1,-1,-1,-1
382,2,143.00,48.00,41.00,39.00,1,-1,-1,-1
382,3,222.00,44.00,33.00,39.00,1,-1,-1,-1
382,4,239.00,108.00,48.00,44.00,1,-1,-1,-1
383,0,115.00,112.00,49.00,47.00,1,-1,-1,-1
383,1,181.00,151.00,37.00,44.00,1,-1,-1,-1
383,2,142.00,48.00,42.00,39.00,1,-1,-1,-1
383,3,222.00,44.00,31.00,37.00,1,-1,-1,-1
383,4,239.00,108.00,48.00,43.00,1,-1,-1,-1
384,0,115.00,113.00,49.00,47.00,1,-1,-1,-1
384,1,183.00,152.00,36.00,43.00,1,-1,-1,-1
384,2,141.00,48.00,42.00,40.00,1,-1,-1,-1
384,3,220.00,44.00,32.00,38.00,1,-1,-1,-1
384,4,239.00,107.00,48.00,43.00,1,-1,-1,-1
385,0,115.00,114.00,49.00,47.00,1,-1,-1,-1
385,1,183.00,152.00,37.00,44.00,1,-1,-1,-1
385,2,141.00,49.00,41.00,39.00,1,-1,-1,-1
385,3,220.00,43.00,31.00,38.00,1,-1,-1,-1
385,4,239.00,107.00,49.00,43.00,1,-1,-1,-1
386,0,116.00,115.00,48.00,46.00,1,-1,-1,-1
386,1,184.00,152.00,37.00,44.00,1,-1,-1,-1
386,2,140.00,49.00,42.00,40.00,1,-1,-1,-1
386,3,219.00,42.00,31.00,39.00,1,-1,-1,-1
386,4,240.00,106.00,48.00,43.00,1,-1,-1,-1
387,0,116.00,116.00,49.00,46.00,1,-1,-1,-1
387,1,185.00,152.00,37.00,44.00,1,-1,-1,-1
387,2,139.00,50.00,43.00,40.00,1,-1,-1,-1
387,3,219.00,41.00,31.00,39.00,1,-1,-1,-1
387,4,240.00,105.00,48.00,43.00,1,-1,-1,-1
388,0,116.00,116.00,49.00,46.00,1,-1,-1,-1
388,1,185.00,151.00,39.00,45.00,1,-1,-1,-1
388,2,139.00,50.00,42.00,40.00,1,-1,-1,-1
388,3,219.00,40.00,30.00,40.00,1,-1,-1,-1
388,4,239.00,104.00,49.00,44.00,1,-1,-1,-1
389,0,117.00,116.00,49.00,47.00,1,-1,-1,-1
389,1,186.00,151.00,39.00,45.00,1,-1,-1,-1
389,2,138.00,51.00,42.00,40.00,1,-1,-1,-1
389,3,219.00,42.00,29.00,37.00,1,-1,-1,-1
389,4,240.00,103.00,48.00,44.00,1,-1,-1,-1
390,0,117.00,117.00,49.00,47.00,1,-1,-1,-1
390,1,186.00,152.00,39.00,44.00,1,-1,-1,-1
390,2,138.00,52.00,41.00,40.00,1,-1,-1,-1
390,3,218.00,42.00,29.00,37.00,1,-1,-1,-1
390,4,240.00,103.00,48.00,43.00,1,-1,-1,-1
391,0,117.00,118.00,48.00,47.00,1,-1,-1,-1
391,1,187.00,153.00,38.00,43.00,1,-1,-1,-1
391,2,138.00,53.00,41.00,39.00,1,-1,-1,-1
391,3,217.00,42.00,29.00,37.00,1,-1,-1,-1
391,4,240.00,102.00,48.00,43.00,1,-1,-1,-1
392,0,118.00,119.00,48.00,47.00,1,-1,-1,-1
392,1,188.00,153.00,37.00,43.00,1,-1,-1,-1
392,2,137.00,53.00,42.00,39.00,1,-1,-1,-1
392,3,216.00,42.00,29.00,36.00,1,-1,-1,-1
392,4,240.00,102.00,48.00,42.00,1,-1,-1,-1
393,0,118.00,120.00,48.00,46.00,1,-1,-1,-1
393,1,189.00,153.00,38.00,43.00,1,-1,-1,-1
393,2,137.00,54.00,42.00,39.00,1,-1,-1,-1
393,3,215.00,43.00,29.00,35.00,1,-1,-1,-1
393,4,240.00,101.00,48.00,42.00,1,-1,-1,-1
394,0,119.00,120.00,48.00,47.00,1,-1,-1,-1
394,1,189.00,153.00,39.00,43.00,1,-1,-1,-1
394,2,137.00,54.00,41.00,39.00,1,-1,-1,-1
394,3,215.00,43.00,28.00,35.00,1,-1,-1,-1
394,4,241.00,101.00,47.00,42.00,1,-1,-1,-1
395,0,119.00,120.00,48.00,48.00,1,-1,-1,-1
395,1,190.00,152.00,39.00,43.00,1,-1,-1,-1
395,2,136.00,55.00,42.00,38.00,1,-1,-1,-1
395,3,215.00,44.00,27.00,32.00,1,-1,-1,-1
395,4,241.00,100.00,47.00,42.00,1,-1,-1,-1
396,0,120.00,121.00,47.00,47.00,1,-1,-1,-1
396,1,191.00,152.00,38.00,43.00,1,-1,-1,-1
396,2,135.00,55.00,42.00,38.00,1,-1,-1,-1
396,3,216.00,44.00,24.00,32.00,1,-1,-1,-1
396,4,241.00,99.00,47.00,43.00,1,-1,-1,-1
397,0,121.00,122.00,46.00,47.00,1,-1,-1,-1
397,1,191.00,151.00,39.00,43.00,1,-1,-1,-1
397,2,134.00,55.00,43.00,39.00,1,-1,-1,-1
397,3,216.00,40.00,24.00,34.00,1,-1,-1,-1
397,4,240.00,98.00,49.00,42.00,1,-1,-1,-1
398,0,121.00,122.00,46.00,47.00,1,-1,-1,-1
398,1,192.00,151.00,38.00,43.00,1,-1,-1,-1
398,2,134.00,56.00,42.00,39.00,1,-1,-1,-1
398,3,214.00,38.00,26.00,36.00,1,-1,-1,-1
398,4,240.00,97.00,49.00,42.00,1,-1,-1,-1
399,0,121.00,123.00,47.00,47.00,1,-1,-1,-1
399,1,192.00,151.00,39.00,42.00,1,-1,-1,-1
399,2,134.00,57.00,42.00,38.00,1,-1,-1,-1
399,3,213.00,38.00,27.00,37.00,1,-1,-1,-1
399,4,239.00,96.00,49.00,42.00,1,-1,-1,-1
400,0,121.00,124.00,48.00,47.00,1,-1,-1,-1
400,1,194.00,151.00,39.00,43.00,1,-1,-1,-1
400,2,134.00,58.00,41.00,38.00,1,-1,-1,-1
400,3,211.00,38.00,29.00,37.00,1,-1,-1,-1
400,4,239.00,95.00,49.00,42.00,1,-1,-1,-1
401,0,122.00,125.00,46.00,47.00,1,-1,-1,-1
401,1,195.00,152.00,39.00,42.00,1,-1,-1,-1
401,2,133.00,58.00,42.00,38.00,1,-1,-1,-1
401,3,211.00,38.00,28.00,37.00,1,-1,-1,-1
401,4,239.00,95.00,49.00,42.00,1,-1,-1,-1
402,0,122.00,126.00,47.00,46.00,1,-1,-1,-1
402,1,195.00,152.00,40.00,42.00,1,-1,-1,-1
402,2,132.00,59.00,42.00,38.00,1,-1,-1,-1
402,3,210.00,40.00,28.00,35.00,1,-1,-1,-1
402,4,239.00,94.00,50.00,42.00,1,-1,-1,-1
403,0,123.00,126.00,46.00,47.00,1,-1,-1,-1
403,1,196.00,151.00,41.00,44.00,1,-1,-1,-1
403,2,131.00,59.00,42.00,38.00,1,-1,-1,-1
403,3,210.00,42.00,27.00,33.00,1,-1,-1,-1
403,4,239.00,94.00,50.00,41.00,1,-1,-1,-1
404,0,123.00,127.00,47.00,46.00,1,-1,-1,-1
404,1,196.00,151.00,42.00,44.00,1,-1,-1,-1
404,2,131.00,59.00,41.00,39.00,1,-1,-1,-1
404,3,209.00,43.00,26.00,32.00,1,-1,-1,-1
404,4,239.00,93.00,50.00,42.00,1,-1,-1,-1
405,0,124.00,127.00,46.00,47.00,1,-1,-1,-1
405,1,197.00,151.00,41.00,44.00,1,-1,-1,-1
405,2,130.00,60.00,42.00,38.00,1,-1,-1,-1
405,3,208.00,43.00,27.00,32.00,1,-1,-1,-1
405,4,240.00,92.00,49.00,42.00,1,-1,-1,-1
406,0,125.00,128.00,46.00,48.00,1,-1,-1,-1
406,1,197.00,150.00,42.00,45.00,1,-1,-1,-1
406,2,130.00,61.00,42.00,37.00,1,-1,-1,-1
406,3,207.00,41.00,27.00,34.00,1,-1,-1,-1
406,4,240.00,91.00,49.00,42.00,1,-1,-1,-1
407,0,125.00,128.00,46.00,48.00,1,-1,-1,-1
407,1,198.00,150.00,42.00,45.00,1,-1,-1,-1
407,2,129.00,61.00,43.00,38.00,1,-1,-1,-1
407,3,207.00,39.00,27.00,35.00,1,-1,-1,-1
407,4,239.00,90.00,50.00,42.00,1,-1,-1,-1
408,0,126.00,128.00,46.00,49.00,1,-1,-1,-1
408,1,199.00,150.00,42.00,44.00,1,-1,-1,-1
408,2,129.00,62.00,42.00,38.00,1,-1,-1,-1
408,3,206.00,40.00,27.00,34.00,1,-1,-1,-1
408,4,240.00,90.00,49.00,41.00,1,-1,-1,-1
409,0,126.00,129.00,46.00,49.00,1,-1,-1,-1
409,1,200.00,151.00,41.00,42.00,1,-1,-1,-1
409,2,128.00,62.00,43.00,38.00,1,-1,-1,-1
409,3,205.00,38.00,28.00,36.00,1,-1,-1,-1
409,4,240.00,89.00,49.00,42.00,1,-1,-1,-1
410,0,127.00,130.00,46.00,48.00,1,-1,-1,-1
410,1,201.00,151.00,41.00,42.00,1,-1,-1,-1
410,2,128.00,63.00,43.00,38.00,1,-1,-1,-1
410,3,204.00,38.00,29.00,38.00,1,-1,-1,-1
410,4,240.00,88.00,48.00,42.00,1,-1,-1,-1
411,0,127.00,130.00,46.00,49.00,1,-1,-1,-1
411,1,201.00,150.00,41.00,42.00,1,-1,-1,-1
411,2,128.00,64.00,42.00,38.00,1,-1,-1,-1
411,3,203.00,38.00,29.00,39.00,1,-1,-1,-1
411,4,241.00,87.00,47.00,43.00,1,-1,-1,-1
412,0,128.00,131.00,45.00,48.00,1,-1,-1,-1
412,1,202.00,150.00,40.00,42.00,1,-1,-1,-1
412,2,127.00,64.00,43.00,39.00,1,-1,-1,-1
412,3,203.00,38.00,28.00,38.00,1,-1,-1,-1
412,4,240.00,86.00,48.00,43.00,1,-1,-1,-1
413,0,128.00,131.00,46.00,49.00,1,-1,-1,-1
413,1,202.00,149.00,40.00,42.00,1,-1,-1,-1
413,2,127.00,65.00,43.00,38.00,1,-1,-1,-1
413,3,202.00,37.00,29.00,38.00,1,-1,-1,-1
413,4,240.00,86.00,48.00,43.00,1,-1,-1,-1
414,0,129.00,132.00,45.00,49.00,1,-1,-1,-1
414,1,203.00,149.00,39.00,41.00,1,-1,-1,-1
414,2,127.00,66.00,43.00,37.00,1,-1,-1,-1
414,3,201.00,38.00,29.00,37.00,1,-1,-1,-1
414,4,240.00,85.00,48.00,43.00,1,-1,-1,-1
415,0,130.00,132.00,44.00,50.00,1,-1,-1,-1
415,1,203.00,149.00,40.00,41.00,1,-1,-1,-1
415,2,126.00,66.00,43.00,38.00,1,-1,-1,-1
415,3,201.00,37.00,29.00,37.00,1,-1,-1,-1
415,4,240.00,84.00,48.00,44.00,1,-1,-1,-1
416,0,130.00,133.00,44.00,49.00,1,-1,-1,-1
416,1,204.00,149.00,40.00,41.00,1,-1,-1,-1
416,2,125.00,67.00,44.00,38.00,1,-1,-1,-1
416,3,200.00,36.00,29.00,37.00,1,-1,-1,-1
416,4,240.00,83.00,49.00,44.00,1,-1,-1,-1
417,0,131.00,133.00,44.00,50.00,1,-1,-1,-1
417,1,205.00,148.00,39.00,43.00,1,-1,-1,-1
417,2,125.00,68.00,44.00,38.00,1,-1,-1,-1
417,3,200.00,34.00,29.00,39.00,1,-1,-1,-1
417,4,240.00,82.00,49.00,44.00,1,-1,-1,-1
418,0,132.00,134.00,43.00,49.00,1,-1,-1,-1
418,1,206.00,148.00,39.00,43.00,1,-1,-1,-1
418,2,125.00,69.00,44.00,38.00,1,-1,-1,-1
418,3,200.00,34.00,27.00,38.00,1,-1,-1,-1
418,4,240.00,82.00,48.00,44.00,1,-1,-1,-1
419,0,133.00,135.00,43.00,49.00,1,-1,-1,-1
419,1,207.00,148.00,39.00,43.00,1,-1,-1,-1
419,2,125.00,69.00,44.00,38.00,1,-1,-1,-1
419,3,200.00,38.00,25.00,33.00,1,-1,-1,-1
419,4,239.00,81.00,49.00,44.00,1,-1,-1,-1
420,0,133.00,135.00,44.00,49.00,1,-1,-1,-1
420,1,207.00,147.00,40.00,43.00,1,-1,-1,-1
420,2,125.00,70.00,43.00,38.00,1,-1,-1,-1
420,3,199.00,40.00,25.00,30.00,1,-1,-1,-1
420,4,239.00,80.00,48.00,44.00,1,-1,-1,-1
421,0,134.00,136.00,43.00,49.00,1,-1,-1,-1
421,1,208.00,147.00,39.00,42.00,1,-1,-1,-1
421,2,124.00,70.00,43.00,38.00,1,-1,-1,-1
421,3,199.00,42.00,24.00,28.00,1,-1,-1,-1
421,4,239.00,79.00,48.00,44.00,1,-1,-1,-1
422,0,134.00,137.00,44.00,49.00,1,-1,-1,-1
422,1,209.00,147.00,40.00,42.00,1,-1,-1,-1
422,2,123.00,71.00,43.00,38.00,1,-1,-1,-1
422,3,197.00,40.00,26.00,30.00,1,-1,-1,-1
422,4,239.00,79.00,48.00,43.00,1,-1,-1,-1
423,0,135.00,137.00,43.00,50.00,1,-1,-1,-1
423,1,209.00,147.00,41.00,42.00,1,-1,-1,-1
423,2,123.00,71.00,43.00,38.00,1,-1,-1,-1
423,3,196.00,38.00,26.00,33.00,1,-1,-1,-1
423,4,239.00,78.00,48.00,43.00,1,-1,-1,-1
424,0,135.00,137.00,43.00,50.00,1,-1,-1,-1
424,1,209.00,146.00,42.00,42.00,1,-1,-1,-1
424,2,123.00,72.00,42.00,38.00,1,-1,-1,-1
424,3,194.00,33.00,29.00,38.00,1,-1,-1,-1
424,4,239.00,78.00,48.00,43.00,1,-1,-1,-1
425,0,136.00,137.00,43.00,51.00,1,-1,-1,-1
425,1,210.00,146.00,41.00,42.00,1,-1,-1,-1
425,2,122.00,73.00,43.00,38.00,1,-1,-1,-1
425,3,193.00,33.00,30.00,38.00,1,-1,-1,-1
425,4,239.00,77.00,48.00,44.00,1,-1,-1,-1
426,0,136.00,137.00,43.00,51.00,1,-1,-1,-1
426,1,210.00,146.00,42.00,42.00,1,-1,-1,-1
426,2,121.00,74.00,45.00,37.00,1,-1,-1,-1
426,3,192.00,31.00,31.00,40.00,1,-1,-1,-1
426,4,239.00,76.00,48.00,44.00,1,-1,-1,-1
427,0,137.00,138.00,43.00,50.00,1,-1,-1,-1
427,1,211.00,145.00,42.00,43.00,1,-1,-1,-1
427,2,121.00,74.00,45.00,38.00,1,-1,-1,-1
427,3,191.00,31.00,31.00,40.00,1,-1,-1,-1
427,4,239.00,75.00,48.00,43.00,1,-1,-1,-1
428,0,137.00,138.00,43.00,51.00,1,-1,-1,-1
428,1,212.00,145.00,42.00,44.00,1,-1,-1,-1
428,2,122.00,75.00,43.00,38.00,1,-1,-1,-1
428,3,191.00,32.00,29.00,38.00,1,-1,-1,-1
428,4,239.00,75.00,48.00,43.00,1,-1,-1,-1
429,0,139.00,139.00,42.00,50.00,1,-1,-1,-1
429,1,212.00,144.00,42.00,45.00,1,-1,-1,-1
429,2,122.00,76.00,43.00,37.00,1,-1,-1,-1
429,3,191.00,32.00,28.00,37.00,1,-1,-1,-1
429,4,238.00,75.00,48.00,42.00,1,-1,-1,-1
430,0,139.00,140.00,43.00,50.00,1,-1,-1,-1
430,1,213.00,144.00,42.00,44.00,1,-1,-1,-1
430,2,122.00,77.00,42.00,37.00,1,-1,-1,-1
430,3,191.00,33.00,26.00,35.00,1,-1,-1,-1
430,4,238.00,74.00,47.00,42.00,1,-1,-1,-1
431,0,140.00,141.00,42.00,50.00,1,-1,-1,-1
431,1,213.00,144.00,43.00,44.00,1,-1,-1,-1
431,2,121.00,77.00,43.00,37.00,1,-1,-1,-1
431,3,192.00,36.00,24.00,31.00,1,-1,-1,-1
431,4,238.00,73.00,46.00,42.00,1,-1,-1,-1
432,0,141.00,141.00,42.00,50.00,1,-1,-1,-1
432,1,214.00,144.00,43.00,44.00,1,-1,-1,-1
432,2,121.00,78.00,43.00,37.00,1,-1,-1,-1
432,3,192.00,39.00,22.00,28.00,1,-1,-1,-1
432,4,237.00,72.00,47.00,42.00,1,-1,-1,-1
433,0,142.00,141.00,41.00,51.00,1,-1,-1,-1
433,1,215.00,143.00,43.00,44.00,1,-1,-1,-1
433,2,120.00,79.00,44.00,37.00,1,-1,-1,-1
433,3,191.00,39.00,23.00,29.00,1,-1,-1,-1
433,4,237.00,71.00,47.00,42.00,1,-1,-1,-1
434,0,143.00,142.00,41.00,50.00,1,-1,-1,-1
434,1,215.00,143.00,44.00,43.00,1,-1,-1,-1
434,2,120.00,79.00,44.00,38.00,1,-1,-1,-1
434,3,189.00,38.00,25.00,31.00,1,-1,-1,-1
434,4,237.00,70.00,47.00,43.00,1,-1,-1,-1
435,0,144.00,141.00,41.00,51.00,1,-1,-1,-1
435,1,215.00,142.00,44.00,43.00,1,-1,-1,-1
435,2,120.00,80.00,44.00,37.00,1,-1,-1,-1
435,3,187.00,36.00,26.00,33.00,1,-1,-1,-1
435,4,237.00,70.00,47.00,43.00,1,-1,-1,-1
436,0,144.00,142.00,41.00,51.00,1,-1,-1,-1
436,1,216.00,142.00,43.00,41.00,1,-1,-1,-1
436,2,119.00,80.00,45.00,38.00,1,-1,-1,-1
436,3,186.00,36.00,28.00,33.00,1,-1,-1,-1
436,4,237.00,69.00,47.00,43.00,1,-1,-1,-1
437,0,145.00,142.00,40.00,51.00,1,-1,-1,-1
437,1,216.00,141.00,44.00,41.00,1,-1,-1,-1
437,2,119.00,81.00,45.00,38.00,1,-1,-1,-1
437,3,186.00,37.00,27.00,33.00,1,-1,-1,-1
437,4,236.00,68.00,47.00,44.00,1,-1,-1,-1
438,0,146.00,143.00,40.00,51.00,1,-1,-1,-1
438,1,217.00,141.00,44.00,41.00,1,-1,-1,-1
438,2,119.00,82.00,45.00,38.00,1,-1,-1,-1
438,3,185.00,37.00,28.00,33.00,1,-1,-1,-1
438,4,236.00,68.00,47.00,43.00,1,-1,-1,-1
439,0,146.00,143.00,41.00,51.00,1,-1,-1,-1
439,1,218.00,141.00,44.00,41.00,1,-1,-1,-1
439,2,119.00,83.00,44.00,37.00,1,-1,-1,-1
439,3,184.00,37.00,28.00,33.00,1,-1,-1,-1
439,4,235.00,67.00,48.00,43.00,1,-1,-1,-1
440,0,147.00,143.00,41.00,51.00,1,-1,-1,-1
440,1,219.00,140.00,44.00,42.00,1,-1,-1,-1
440,2,119.00,84.00,44.00,37.00,1,-1,-1,-1
440,3,183.00,37.00,29.00,33.00,1,-1,-1,-1
440,4,235.00,66.00,47.00,44.00,1,-1,-1,-1
441,0,148.00,144.00,40.00,50.00,1,-1,-1,-1
441,1,220.00,140.00,44.00,42.00,1,-1,-1,-1
441,2,120.00,85.00,43.00,37.00,1,-1,-1,-1
441,3,182.00,37.00,29.00,33.00,1,-1,-1,-1
441,4,235.00,65.00,46.00,45.00,1,-1,-1,-1
442,0,148.00,145.00,39.00,50.00,1,-1,-1,-1
442,1,220.00,139.00,45.00,43.00,1,-1,-1,-1
442,2,119.00,85.00,44.00,38.00,1,-1,-1,-1
442,3,181.00,37.00,30.00,34.00,1,-1,-1,-1
442,4,235.00,64.00,46.00,46.00,1,-1,-1,-1
443,0,149.00,145.00,39.00,50.00,1,-1,-1,-1
443,1,221.00,138.00,44.00,44.00,1,-1,-1,-1
443,2,119.00,86.00,44.00,37.00,1,-1,-1,-1
443,3,180.00,37.00,30.00,34.00,1,-1,-1,-1
443,4,235.00,63.00,46.00,47.00,1,-1,-1,-1
444,0,150.00,147.00,39.00,49.00,1,-1,-1,-1
444,1,221.00,137.00,44.00,44.00,1,-1,-1,-1
444,2,119.00,86.00,44.00,38.00,1,-1,-1,-1
444,3,181.00,38.00,28.00,32.00,1,-1,-1,-1
444,4,234.00,63.00,47.00,46.00,1,-1,-1,-1
445,0,151.00,147.00,39.00,49.00,1,-1,-1,-1
445,1,221.00,137.00,45.00,43.00,1,-1,-1,-1
445,2,118.00,86.00,44.00,39.00,1,-1,-1,-1
445,3,179.00,37.00,29.00,33.00,1,-1,-1,-1
445,4,234.00,62.00,46.00,46.00,1,-1,-1,-1
446,0,152.00,147.00,39.00,49.00,1,-1,-1,-1
446,1,222.00,136.00,44.00,44.00,1,-1,-1,-1
446,2,118.00,87.00,45.00,39.00,1,-1,-1,-1
446,3,178.00,36.00,30.00,35.00,1,-1,-1,-1
446,4,234.00,61.00,45.00,45.00,1,-1,-1,-1
447,0,153.00,147.00,39.00,49.00,1,-1,-1,-1
447,1,222.00,136.00,45.00,44.00,1,-1,-1,-1
447,2,117.00,87.00,45.00,39.00,1,-1,-1,-1
447,3,177.00,36.00,30.00,34.00,1,-1,-1,-1
447,4,233.00,61.00,46.00,44.00,1,-1,-1,-1
448,0,153.00,147.00,40.00,50.00,1,-1,-1,-1
448,1,222.00,136.00,46.00,43.00,1,-1,-1,-1
448,2,118.00,88.00,44.00,39.00,1,-1,-1,-1
448,3,177.00,38.00,29.00,33.00,1,-1,-1,-1
448,4,232.00,60.00,46.00,45.00,1,-1,-1,-1
449,0,154.00,147.00,40.00,50.00,1,-1,-1,-1
449,1,223.00,135.00,45.00,43.00,1,-1,-1,-1
449,2,118.00,89.00,44.00,39.00,1,-1,-1,-1
449,3,176.00,39.00,30.00,32.00,1,-1,-1,-1
449,4,231.00,59.00,47.00,45.00,1,-1,-1,-1
450,0,155.00,147.00,39.00,51.00,1,-1,-1,-1
450,1,223.00,135.00,46.00,42.00,1,-1,-1,-1
450,2,118.00,91.00,43.00,38.00,1,-1,-1,-1
450,3,176.00,40.00,30.00,32.00,1,-1,-1,-1
450,4,231.00,59.00,47.00,44.00,1,-1,-1,-1
451,0,156.00,147.00,39.00,51.00,1,-1,-1,-1
451,1,224.00,134.00,46.00,43.00,1,-1,-1,-1
451,2,117.00,92.00,44.00,37.00,1,-1,-1,-1
451,3,175.00,40.00,30.00,32.00,1,-1,-1,-1
451,4,231.00,58.00,46.00,45.00,1,-1,-1,-1
452,0,157.00,147.00,39.00,51.00,1,-1,-1,-1
452,1,224.00,134.00,47.00,42.00,1,-1,-1,-1
452,2,116.00,93.00,45.00,37.00,1,-1,-1,-1
452,3,174.00,39.00,31.00,33.00,1,-1,-1,-1
452,4,230.00,58.00,47.00,44.00,1,-1,-1,-1
453,0,157.00,148.00,40.00,51.00,1,-1,-1,-1
453,1,225.00,134.00,46.00,41.00,1,-1,-1,-1
453,2,116.00,93.00,45.00,38.00,1,-1,-1,-1
453,3,173.00,39.00,31.00,33.00,1,-1,-1,-1
453,4,230.00,57.00,46.00,45.00,1,-1,-1,-1
454,0,158.00,147.00,40.00,52.00,1,-1,-1,-1
454,1,225.00,133.00,47.00,41.00,1,-1,-1,-1
454,2,117.00,93.00,44.00,38.00,1,-1,-1,-1
454,3,172.00,39.00,31.00,33.00,1,-1,-1,-1
454,4,230.00,56.00,45.00,46.00,1,-1,-1,-1
455,0,159.00,148.00,39.00,51.00,1,-1,-1,-1
455,1,226.00,132.00,46.00,41.00,1,-1,-1,-1
455,2,117.00,94.00,44.00,38.00,1,-1,-1,-1
455,3,171.00,38.00,31.00,35.00,1,-1,-1,-1
455,4,229.00,55.00,46.00,46.00,1,-1,-1,-1
456,0,160.00,148.00,39.00,52.00,1,-1,-1,-1
456,1,226.00,132.00,46.00,40.00,1,-1,-1,-1
456,2,116.00,95.00,45.00,38.00,1,-1,-1,-1
456,3,170.00,37.00,31.00,36.00,1,-1,-1,-1
456,4,229.00,54.00,46.00,47.00,1,-1,-1,-1
457,0,162.00,149.00,37.00,51.00,1,-1,-1,-1
457,1,226.00,132.00,46.00,39.00,1,-1,-1,-1
457,2,117.00,96.00,44.00,37.00,1,-1,-1,-1
457,3,168.00,36.00,32.00,37.00,1,-1,-1,-1
457,4,229.00,54.00,45.00,45.00,1,-1,-1,-1
458,0,163.00,149.00,38.00,52.00,1,-1,-1,-1
458,1,226.00,131.00,46.00,40.00,1,-1,-1,-1
458,2,117.00,97.00,44.00,37.00,1,-1,-1,-1
458,3,168.00,37.00,32.00,36.00,1,-1,-1,-1
458,4,228.00,53.00,46.00,45.00,1,-1,-1,-1
459,0,163.00,149.00,39.00,52.00,1,-1,-1,-1
459,1,227.00,130.00,46.00,41.00,1,-1,-1,-1
459,2,117.00,97.00,44.00,37.00,1,-1,-1,-1
459,3,167.00,37.00,32.00,36.00,1,-1,-1,-1
459,4,228.00,53.00,45.00,44.00,1,-1,-1,-1
460,0,164.00,150.00,39.00,51.00,1,-1,-1,-1
460,1,227.00,130.00,47.00,40.00,1,-1,-1,-1
460,2,117.00,98.00,44.00,38.00,1,-1,-1,-1
460,3,167.00,39.00,31.00,34.00,1,-1,-1,-1
460,4,228.00,52.00,44.00,45.00,1,-1,-1,-1
461,0,165.00,150.00,39.00,51.00,1,-1,-1,-1
461,1,228.00,129.00,46.00,41.00,1,-1,-1,-1
461,2,117.00,99.00,44.00,37.00,1,-1,-1,-1
461,3,166.00,38.00,32.00,36.00,1,-1,-1,-1
461,4,227.00,51.00,45.00,46.00,1,-1,-1,-1
462,0,165.00,150.00,40.00,51.00,1,-1,-1,-1
462,1,228.00,129.00,47.00,40.00,1,-1,-1,-1
462,2,117.00,100.00,44.00,37.00,1,-1,-1,-1
462,3,165.00,38.00,32.00,36.00,1,-1,-1,-1
462,4,227.00,50.00,45.00,46.00,1,-1,-1,-1
463,0,165.00,151.00,40.00,50.00,1,-1,-1,-1
463,1,229.00,128.00,46.00,40.00,1,-1,-1,-1
463,2,118.00,100.00,43.00,37.00,1,-1,-1,-1
463,3,163.00,37.00,34.00,38.00,1,-1,-1,-1
463,4,226.00,49.00,46.00,46.00,1,-1,-1,-1
464,0,165.00,151.00,41.00,50.00,1,-1,-1,-1
464,1,229.00,127.00,47.00,41.00,1,-1,-1,-1
464,2,117.00,100.00,44.00,38.00,1,-1,-1,-1
464,3,162.00,37.00,34.00,38.00,1,-1,-1,-1
464,4,226.00,49.00,45.00,46.00,1,-1,-1,-1
465,0,166.00,151.00,41.00,51.00,1,-1,-1,-1
465,1,229.00,126.00,47.00,41.00,1,-1,-1,-1
465,2,117.00,101.00,45.00,38.00,1,-1,-1,-1
465,3,161.00,37.00,35.00,39.00,1,-1,-1,-1
465,4,226.00,48.00,45.00,47.00,1,-1,-1,-1
466,0,166.00,151.00,41.00,51.00,1,-1,-1,-1
466,1,230.00,126.00,46.00,40.00,1,-1,-1,-1
466,2,117.00,101.00,45.00,39.00,1,-1,-1,-1
466,3,160.00,38.00,35.00,37.00,1,-1,-1,-1
466,4,225.00,48.00,45.00,46.00,1,-1,-1,-1
467,0,167.00,151.00,40.00,50.00,1,-1,-1,-1
467,1,230.00,125.00,47.00,41.00,1,-1,-1,-1
467,2,117.00,102.00,45.00,39.00,1,-1,-1,-1
467,3,159.00,38.00,35.00,38.00,1,-1,-1,-1
467,4,225.00,47.00,44.00,47.00,1,-1,-1,-1
468,0,168.00,151.00,40.00,50.00,1,-1,-1,-1
468,1,230.00,125.00,48.00,40.00,1,-1,-1,-1
468,2,117.00,102.00,45.00,40.00,1,-1,-1,-1
468,3,159.00,39.00,34.00,36.00,1,-1,-1,-1
468,4,224.00,46.00,45.00,47.00,1,-1,-1,-1
469,0,170.00,152.00,38.00,50.00,1,-1,-1,-1
469,1,230.00,124.00,48.00,40.00,1,-1,-1,-1
469,2,118.00,104.00,44.00,38.00,1,-1,-1,-1
469,3,161.00,42.00,31.00,32.00,1,-1,-1,-1
469,4,224.00,46.00,44.00,46.00,1,-1,-1,-1
470,0,171.00,152.00,38.00,50.00,1,-1,-1,-1
470,1,231.00,123.00,48.00,40.00,1,-1,-1,-1
470,2,118.00,104.00,44.00,39.00,1,-1,-1,-1
470,3,161.00,44.00,30.00,30.00,1,-1,-1,-1
470,4,223.00,46.00,44.00,45.00,1,-1,-1,-1
471,0,172.00,152.00,39.00,50.00,1,-1,-1,-1
471,1,231.00,122.00,48.00,41.00,1,-1,-1,-1
471,2,118.00,105.00,44.00,38.00,1,-1,-1,-1
471,3,159.00,43.00,31.00,32.00,1,-1,-1,-1
471,4,222.00,46.00,44.00,45.00,1,-1,-1,-1
472,0,173.00,151.00,39.00,51.00,1,-1,-1,-1
472,1,231.00,121.00,49.00,41.00,1,-1,-1,-1
472,2,119.00,105.00,43.00,39.00,1,-1,-1,-1
472,3,157.00,42.00,33.00,34.00,1,-1,-1,-1
472,4,222.00,45.00,44.00,46.00,1,-1,-1,-1
473,0,173.00,151.00,40.00,51.00,1,-1,-1,-1
473,1,231.00,121.00,49.00,40.00,1,-1,-1,-1
473,2,119.00,106.00,44.00,39.00,1,-1,-1,-1
473,3,155.00,42.00,35.00,35.00,1,-1,-1,-1
473,4,221.00,44.00,44.00,46.00,1,-1,-1,-1
474,0,174.00,151.00,40.00,51.00,1,-1,-1,-1
474,1,232.00,120.00,48.00,41.00,1,-1,-1,-1
474,2,119.00,106.00,44.00,40.00,1,-1,-1,-1
474,3,155.00,42.00,35.00,35.00,1,-1,-1,-1
474,4,220.00,44.00,45.00,45.00,1,-1,-1,-1
475,0,175.00,152.00,40.00,50.00,1,-1,-1,-1
475,1,233.00,120.00,47.00,40.00,1,-1,-1,-1
475,2,119.00,107.00,43.00,40.00,1,-1,-1,-1
475,3,155.00,42.00,34.00,35.00,1,-1,-1,-1
475,4,220.00,43.00,44.00,46.00,1,-1,-1,-1
476,0,176.00,153.00,40.00,50.00,1,-1,-1,-1
476,1,233.00,119.00,47.00,40.00,1,-1,-1,-1
476,2,120.00,108.00,43.00,39.00,1,-1,-1,-1
476,3,155.00,44.00,33.00,33.00,1,-1,-1,-1
476,4,219.00,42.00,45.00,47.00,1,-1,-1,-1
477,0,177.00,153.00,40.00,50.00,1,-1,-1,-1
477,1,233.00,119.00,47.00,40.00,1,-1,-1,-1
477,2,120.00,108.00,43.00,40.00,1,-1,-1,-1
477,3,155.00,45.00,33.00,32.00,1,-1,-1,-1
477,4,219.00,42.00,44.00,46.00,1,-1,-1,-1
478,0,178.00,153.00,40.00,50.00,1,-1,-1,-1
478,1,234.00,117.00,47.00,41.00,1,-1,-1,-1
478,2,120.00,109.00,43.00,40.00,1,-1,-1,-1
478,3,153.00,44.00,34.00,33.00,1,-1,-1,-1
478,4,218.00,41.00,45.00,46.00,1,-1,-1,-1
479,0,178.00,153.00,41.00,51.00,1,-1,-1,-1
479,1,234.00,116.00,47.00,41.00,1,-1,-1,-1
479,2,120.00,110.00,43.00,39.00,1,-1,-1,-1
479,3,152.00,44.00,34.00,34.00,1,-1,-1,-1
479,4,218.00,41.00,44.00,46.00,1,-1,-1,-1
480,0,179.00,153.00,41.00,50.00,1,-1,-1,-1
480,1,235.00,116.00,46.00,41.00,1,-1,-1,-1
480,2,121.00,111.00,43.00,39.00,1,-1,-1,-1
480,3,150.00,45.00,36.00,33.00,1,-1,-1,-1
480,4,218.00,41.00,43.00,46.00,1,-1,-1,-1
481,0,180.00,153.00,41.00,50.00,1,-1,-1,-1
481,1,235.00,115.00,47.00,41.00,1,-1,-1,-1
481,2,121.00,112.00,42.00,39.00,1,-1,-1,-1
481,3,148.00,44.00,37.00,34.00,1,-1,-1,-1
481,4,217.00,40.00,43.00,47.00,1,-1,-1,-1
482,0,181.00,152.00,40.00,51.00,1,-1,-1,-1
482,1,235.00,114.00,47.00,41.00,1,-1,-1,-1
482,2,120.00,112.00,43.00,40.00,1,-1,-1,-1
482,3,148.00,45.00,36.00,34.00,1,-1,-1,-1
482,4,217.00,40.00,42.00,46.00,1,-1,-1,-1
483,0,182.00,153.00,40.00,50.00,1,-1,-1,-1
483,1,235.00,113.00,48.00,41.00,1,-1,-1,-1
483,2,121.00,113.00,42.00,40.00,1,-1,-1,-1
483,3,147.00,44.00,37.00,36.00,1,-1,-1,-1
483,4,216.00,39.00,42.00,46.00,1,-1,-1,-1
484,0,183.00,153.00,40.00,50.00,1,-1,-1,-1
484,1,235.00,113.00,48.00,40.00,1,-1,-1,-1
484,2,121.00,114.00,42.00,40.00,1,-1,-1,-1
484,3,145.00,45.00,39.00,35.00,1,-1,-1,-1
484,4,216.00,39.00,42.00,45.00,1,-1,-1,-1
485,0,183.00,153.00,41.00,50.00,1,-1,-1,-1
485,1,236.00,113.00,47.00,40.00,1,-1,-1,-1
485,2,121.00,115.00,43.00,40.00,1,-1,-1,-1
485,3,145.00,46.00,39.00,35.00,1,-1,-1,-1
485,4,215.00,39.00,42.00,44.00,1,-1,-1,-1
486,0,183.00,153.00,41.00,50.00,1,-1,-1,-1
486,1,236.00,112.00,47.00,40.00,1,-1,-1,-1
486,2,121.00,116.00,43.00,40.00,1,-1,-1,-1
486,3,145.00,48.00,38.00,33.00,1,-1,-1,-1
486,4,214.00,38.00,43.00,44.00,1,-1,-1,-1
487,0,184.00,153.00,41.00,50.00,1,-1,-1,-1
487,1,236.00,112.00,47.00,39.00,1,-1,-1,-1
487,2,121.00,117.00,44.00,39.00,1,-1,-1,-1
487,3,144.00,48.00,39.00,34.00,1,-1,-1,-1
487,4,214.00,38.00,42.00,44.00,1,-1,-1,-1
488,0,184.00,153.00,43.00,50.00,1,-1,-1,-1
488,1,236.00,111.00,47.00,40.00,1,-1,-1,-1
488,2,122.00,117.00,43.00,40.00,1,-1,-1,-1
488,3,145.00,49.00,38.00,34.00,1,-1,-1,-1
488,4,213.00,37.00,42.00,45.00,1,-1,-1,-1
489,0,185.00,153.00,43.00,50.00,1,-1,-1,-1
489,1,236.00,111.00,47.00,39.00,1,-1,-1,-1
489,2,122.00,118.00,43.00,39.00,1,-1,-1,-1
489,3,145.00,49.00,37.00,34.00,1,-1,-1,-1
489,4,212.00,37.00,43.00,45.00,1,-1,-1,-1
490,0,185.00,153.00,43.00,50.00,1,-1,-1,-1
490,1,237.00,110.00,46.00,39.00,1,-1,-1,-1
490,2,122.00,118.00,43.00,40.00,1,-1,-1,-1
490,3,143.00,49.00,38.00,34.00,1,-1,-1,-1
490,4,211.00,37.00,43.00,45.00,1,-1,-1,-1
491,0,187.00,153.00,42.00,50.00,1,-1,-1,-1
491,1,237.00,109.00,46.00,39.00,1,-1,-1,-1
491,2,122.00,118.00,44.00,40.00,1,-1,-1,-1
491,3,141.00,48.00,39.00,35.00,1,-1,-1,-1
491,4,211.00,36.00,42.00,46.00,1,-1,-1,-1
492,0,187.00,153.00,43.00,50.00,1,-1,-1,-1
492,1,237.00,108.00,47.00,39.00,1,-1,-1,-1
492,2,123.00,118.00,43.00,41.00,1,-1,-1,-1
492,3,141.00,49.00,38.00,34.00,1,-1,-1,-1
492,4,210.00,36.00,42.00,46.00,1,-1,-1,-1
493,0,188.00,153.00,42.00,49.00,1,-1,-1,-1
493,1,237.00,107.00,47.00,40.00,1,-1,-1,-1
493,2,123.00,118.00,44.00,42.00,1,-1,-1,-1
493,3,140.00,50.00,38.00,33.00,1,-1,-1,-1
493,4,210.00,36.00,41.00,45.00,1,-1,-1,-1
494,0,189.00,153.00,42.00,48.00,1,-1,-1,-1
494,1,238.00,106.00,47.00,40.00,1,-1,-1,-1
494,2,124.00,119.00,43.00,42.00,1,-1,-1,-1
494,3,138.00,50.00,39.00,34.00,1,-1,-1,-1
494,4,209.00,35.00,42.00,46.00,1,-1,-1,-1
495,0,190.00,153.00,42.00,48.00,1,-1,-1,-1
495,1,237.00,105.00,48.00,40.00,1,-1,-1,-1
495,2,125.00,120.00,42.00,41.00,1,-1,-1,-1
495,3,137.00,50.00,41.00,35.00,1,-1,-1,-1
495,4,208.00,35.00,42.00,46.00,1,-1,-1,-1
496,0,192.00,153.00,41.00,48.00,1,-1,-1,-1
496,1,238.00,105.00,47.00,40.00,1,-1,-1,-1
496,2,125.00,121.00,42.00,41.00,1,-1,-1,-1
496,3,135.00,50.00,43.00,36.00,1,-1,-1,-1
496,4,207.00,35.00,42.00,45.00,1,-1,-1,-1
497,0,193.00,153.00,41.00,47.00,1,-1,-1,-1
497,1,238.00,104.00,47.00,40.00,1,-1,-1,-1
497,2,125.00,122.00,42.00,41.00,1,-1,-1,-1
497,3,134.00,51.00,43.00,35.00,1,-1,-1,-1
497,4,207.00,34.00,41.00,45.00,1,-1,-1,-1
498,0,194.00,153.00,41.00,47.00,1,-1,-1,-1
498,1,238.00,103.00,48.00,40.00,1,-1,-1,-1
498,2,126.00,123.00,41.00,41.00,1,-1,-1,-1
498,3,133.00,51.00,43.00,35.00,1,-1,-1,-1
498,4,207.00,34.00,41.00,45.00,1,-1,-1,-1
499,0,195.00,153.00,41.00,47.00,1,-1,-1,-1
499,1,238.00,102.00,48.00,41.00,1,-1,-1,-1
499,2,126.00,124.00,41.00,40.00,1,-1,-1,-1
499,3,133.00,52.00,42.00,34.00,1,-1,-1,-1
499,4,205.00,34.00,42.00,45.00,1,-1,-1,-1
500,0,196.00,153.00,41.00,48.00,1,-1,-1,-1
500,1,238.00,102.00,48.00,40.00,1,-1,-1,-1
500,2,127.00,125.00,39.00,39.00,1,-1,-1,-1
500,3,132.00,52.00,42.00,34.00,1,-1,-1,-1
500,4,204.00,33.00,42.00,46.00,1,-1,-1,-1
501,0,196.00,153.00,42.00,48.00,1,-1,-1,-1
501,1,238.00,102.00,47.00,39.00,1,-1,-1,-1
501,2,127.00,125.00,40.00,40.00,1,-1,-1,-1
501,3,132.00,53.00,42.00,34.00,1,-1,-1,-1
501,4,204.00,33.00,42.00,46.00,1,-1,-1,-1
502,0,196.00,153.00,42.00,47.00,1,-1,-1,-1
502,1,238.00,101.00,48.00,40.00,1,-1,-1,-1
502,2,128.00,126.00,40.00,39.00,1,-1,-1,-1
502,3,132.00,54.00,41.00,34.00,1,-1,-1,-1
502,4,203.00,32.00,42.00,46.00,1,-1,-1,-1
503,0,197.00,152.00,42.00,48.00,1,-1,-1,-1
503,1,238.00,101.00,48.00,39.00,1,-1,-1,-1
503,2,128.00,127.00,41.00,39.00,1,-1,-1,-1
503,3,131.00,54.00,42.00,34.00,1,-1,-1,-1
503,4,203.00,32.00,41.00,46.00,1,-1,-1,-1
504,0,197.00,152.00,42.00,48.00,1,-1,-1,-1
504,1,238.00,100.00,48.00,40.00,1,-1,-1,-1
504,2,129.00,127.00,41.00,39.00,1,-1,-1,-1
504,3,131.00,55.00,41.00,34.00,1,-1,-1,-1
504,4,202.00,31.00,41.00,47.00,1,-1,-1,-1
505,0,198.00,152.00,42.00,47.00,1,-1,-1,-1
505,1,238.00,99.00,48.00,40.00,1,-1,-1,-1
505,2,128.00,128.00,42.00,39.00,1,-1,-1,-1
505,3,131.00,56.00,41.00,33.00,1,-1,-1,-1
505,4,202.00,31.00,41.00,47.00,1,-1,-1,-1
506,0,199.00,151.00,42.00,47.00,1,-1,-1,-1
506,1,238.00,98.00,47.00,40.00,1,-1,-1,-1
506,2,129.00,128.00,41.00,40.00,1,-1,-1,-1
506,3,130.00,56.00,42.00,33.00,1,-1,-1,-1
506,4,201.00,30.00,41.00,48.00,1,-1,-1,-1
507,0,199.00,151.00,43.00,47.00,1,-1,-1,-1
507,1,238.00,97.00,47.00,40.00,1,-1,-1,-1
507,2,130.00,129.00,41.00,39.00,1,-1,-1,-1
507,3,129.00,56.00,42.00,34.00,1,-1,-1,-1
507,4,200.00,31.00,41.00,47.00,1,-1,-1,-1
508,0,200.00,151.00,44.00,47.00,1,-1,-1,-1
508,1,238.00,97.00,47.00,39.00,1,-1,-1,-1
508,2,131.00,129.00,40.00,40.00,1,-1,-1,-1
508,3,128.00,57.00,43.00,34.00,1,-1,-1,-1
508,4,199.00,30.00,41.00,47.00,1,-1,-1,-1
509,0,200.00,150.00,45.00,48.00,1,-1,-1,-1
509,1,238.00,96.00,47.00,40.00,1,-1,-1,-1
509,2,132.00,129.00,40.00,40.00,1,-1,-1,-1
509,3,128.00,57.00,42.00,34.00,1,-1,-1,-1
509,4,199.00,30.00,40.00,47.00,1,-1,-1,-1
510,0,200.00,150.00,46.00,48.00,1,-1,-1,-1
510,1,238.00,95.00,48.00,40.00,1,-1,-1,-1
510,2,132.00,130.00,40.00,40.00,1,-1,-1,-1
510,3,127.00,58.00,43.00,34.00,1,-1,-1,-1
510,4,198.00,30.00,40.00,47.00,1,-1,-1,-1
511,0,201.00,150.00,46.00,47.00,1,-1,-1,-1
511,1,238.00,94.00,47.00,40.00,1,-1,-1,-1
511,2,132.00,130.00,40.00,41.00,1,-1,-1,-1
511,3,127.00,59.00,42.00,33.00,1,-1,-1,-1
511,4,197.00,30.00,40.00,47.00,1,-1,-1,-1
512,0,202.00,150.00,46.00,47.00,1,-1,-1,-1
512,1,238.00,93.00,48.00,40.00,1,-1,-1,-1
512,2,133.00,131.00,40.00,40.00,1,-1,-1,-1
512,3,127.00,59.00,42.00,33.00,1,-1,-1,-1
512,4,197.00,30.00,40.00,46.00,1,-1,-1,-1
513,0,203.00,149.00,46.00,49.00,1,-1,-1,-1
513,1,238.00,93.00,48.00,40.00,1,-1,-1,-1
513,2,134.00,132.00,39.00,40.00,1,-1,-1,-1
513,3,127.00,60.00,41.00,33.00,1,-1,-1,-1
513,4,196.00,30.00,40.00,46.00,1,-1,-1,-1
514,0,203.00,149.00,46.00,48.00,1,-1,-1,-1
514,1,238.00,92.00,48.00,40.00,1,-1,-1,-1
514,2,135.00,133.00,38.00,39.00,1,-1,-1,-1
514,3,127.00,61.00,41.00,33.00,1,-1,-1,-1
514,4,195.00,30.00,40.00,46.00,1,-1,-1,-1
515,0,203.00,149.00,47.00,48.00,1,-1,-1,-1
515,1,239.00,91.00,46.00,40.00,1,-1,-1,-1
515,2,135.00,134.00,39.00,39.00,1,-1,-1,-1
515,3,127.00,62.00,41.00,32.00,1,-1,-1,-1
515,4,194.00,29.00,41.00,47.00,1,-1,-1,-1
516,0,203.00,148.00,48.00,49.00,1,-1,-1,-1
516,1,239.00,90.00,46.00,40.00,1,-1,-1,-1
516,2,136.00,134.00,38.00,39.00,1,-1,-1,-1
516,3,127.00,64.00,40.00,31.00,1,-1,-1,-1
516,4,194.00,29.00,40.00,46.00,1,-1,-1,-1
517,0,204.00,148.00,47.00,48.00,1,-1,-1,-1
517,1,238.00,90.00,46.00,40.00,1,-1,-1,-1
517,2,136.00,135.00,39.00,39.00,1,-1,-1,-1
517,3,126.00,66.00,41.00,30.00,1,-1,-1,-1
517,4,193.00,29.00,40.00,46.00,1,-1,-1,-1
518,0,205.00,148.00,47.00,48.00,1,-1,-1,-1
518,1,238.00,89.00,46.00,41.00,1,-1,-1,-1
518,2,137.00,135.00,38.00,40.00,1,-1,-1,-1
518,3,125.00,66.00,42.00,31.00,1,-1,-1,-1
518,4,192.00,29.00,40.00,46.00,1,-1,-1,-1
519,0,206.00,148.00,47.00,48.00,1,-1,-1,-1
519,1,238.00,88.00,47.00,41.00,1,-1,-1,-1
519,2,136.00,135.00,39.00,41.00,1,-1,-1,-1
519,3,123.00,66.00,44.00,32.00,1,-1,-1,-1
519,4,191.00,29.00,41.00,46.00,1,-1,-1,-1
520,0,207.00,148.00,47.00,47.00,1,-1,-1,-1
520,1,238.00,88.00,47.00,40.00,1,-1,-1,-1
520,2,136.00,135.00,40.00,42.00,1,-1,-1,-1
520,3,123.00,67.00,44.00,31.00,1,-1,-1,-1
520,4,190.00,28.00,41.00,46.00,1,-1,-1,-1
521,0,208.00,148.00,47.00,46.00,1,-1,-1,-1
521,1,238.00,87.00,46.00,40.00,1,-1,-1,-1
521,2,137.00,136.00,40.00,42.00,1,-1,-1,-1
521,3,122.00,67.00,45.00,32.00,1,-1,-1,-1
521,4,189.00,28.00,41.00,46.00,1,-1,-1,-1
522,0,209.00,148.00,46.00,46.00,1,-1,-1,-1
522,1,238.00,86.00,46.00,40.00,1,-1,-1,-1
522,2,137.00,137.00,40.00,41.00,1,-1,-1,-1
522,3,121.00,67.00,46.00,33.00,1,-1,-1,-1
522,4,188.00,28.00,41.00,46.00,1,-1,-1,-1
523,0,210.00,148.00,46.00,46.00,1,-1,-1,-1
523,1,238.00,85.00,46.00,41.00,1,-1,-1,-1
523,2,138.00,138.00,39.00,41.00,1,-1,-1,-1
523,3,121.00,67.00,45.00,33.00,1,-1,-1,-1
523,4,188.00,28.00,41.00,46.00,1,-1,-1,-1
524,0,210.00,147.00,47.00,46.00,1,-1,-1,-1
524,1,238.00,84.00,45.00,41.00,1,-1,-1,-1
524,2,139.00,138.00,39.00,41.00,1,-1,-1,-1
524,3,120.00,68.00,46.00,32.00,1,-1,-1,-1
524,4,187.00,28.00,41.00,46.00,1,-1,-1,-1
525,0,211.00,147.00,47.00,46.00,1,-1,-1,-1
525,1,238.00,84.00,44.00,40.00,1,-1,-1,-1
525,2,139.00,139.00,39.00,41.00,1,-1,-1,-1
525,3,120.00,68.00,45.00,33.00,1,-1,-1,-1
525,4,187.00,28.00,40.00,46.00,1,-1,-1,-1
526,0,212.00,146.00,46.00,47.00,1,-1,-1,-1
526,1,238.00,83.00,45.00,40.00,1,-1,-1,-1
526,2,140.00,139.00,39.00,42.00,1,-1,-1,-1
526,3,119.00,69.00,46.00,33.00,1,-1,-1,-1
526,4,186.00,28.00,41.00,46.00,1,-1,-1,-1
527,0,212.00,146.00,47.00,46.00,1,-1,-1,-1
527,1,237.00,82.00,46.00,41.00,1,-1,-1,-1
527,2,140.00,139.00,40.00,42.00,1,-1,-1,-1
527,3,119.00,71.00,46.00,31.00,1,-1,-1,-1
527,4,185.00,28.00,41.00,46.00,1,-1,-1,-1
528,0,212.00,146.00,48.00,46.00,1,-1,-1,-1
528,1,237.00,81.00,45.00,41.00,1,-1,-1,-1
528,2,141.00,140.00,39.00,42.00,1,-1,-1,-1
528,3,118.00,71.00,46.00,32.00,1,-1,-1,-1
528,4,184.00,28.00,41.00,46.00,1,-1,-1,-1
529,0,213.00,145.00,48.00,47.00,1,-1,-1,-1
529,1,237.00,80.00,45.00,42.00,1,-1,-1,-1
529,2,142.00,140.00,39.00,42.00,1,-1,-1,-1
529,3,119.00,72.00,45.00,33.00,1,-1,-1,-1
529,4,184.00,28.00,40.00,46.00,1,-1,-1,-1
530,0,213.00,144.00,48.00,47.00,1,-1,-1,-1
530,1,237.00,80.00,45.00,41.00,1,-1,-1,-1
530,2,142.00,141.00,40.00,41.00,1,-1,-1,-1
530,3,120.00,74.00,44.00,31.00,1,-1,-1,-1
530,4,183.00,28.00,40.00,46.00,1,-1,-1,-1
531,0,213.00,144.00,49.00,47.00,1,-1,-1,-1
531,1,236.00,80.00,46.00,40.00,1,-1,-1,-1
531,2,143.00,141.00,39.00,41.00,1,-1,-1,-1
531,3,120.00,74.00,44.00,32.00,1,-1,-1,-1
531,4,182.00,29.00,40.00,45.00,1,-1,-1,-1
532,0,214.00,144.00,48.00,46.00,1,-1,-1,-1
532,1,237.00,79.00,45.00,41.00,1,-1,-1,-1
532,2,143.00,142.00,40.00,40.00,1,-1,-1,-1
532,3,120.00,75.00,43.00,31.00,1,-1,-1,-1
532,4,182.00,28.00,39.00,46.00,1,-1,-1,-1
533,0,215.00,144.00,47.00,45.00,1,-1,-1,-1
533,1,237.00,78.00,45.00,41.00,1,-1,-1,-1
533,2,144.00,142.00,39.00,41.00,1,-1,-1,-1
533,3,120.00,76.00,43.00,30.00,1,-1,-1,-1
533,4,181.00,29.00,39.00,45.00,1,-1,-1,-1
534,0,216.00,143.00,47.00,45.00,1,-1,-1,-1
534,1,237.00,77.00,45.00,41.00,1,-1,-1,-1
534,2,145.00,143.00,39.00,40.00,1,-1,-1,-1
534,3,119.00,76.00,44.00,31.00,1,-1,-1,-1
534,4,180.00,29.00,40.00,45.00,1,-1,-1,-1
535,0,216.00,142.00,48.00,46.00,1,-1,-1,-1
535,1,237.00,76.00,45.00,42.00,1,-1,-1,-1
535,2,145.00,143.00,40.00,41.00,1,-1,-1,-1
535,3,118.00,76.00,45.00,32.00,1,-1,-1,-1
535,4,179.00,29.00,40.00,45.00,1,-1,-1,-1
536,0,217.00,141.00,48.00,46.00,1,-1,-1,-1
536,1,236.00,75.00,46.00,42.00,1,-1,-1,-1
536,2,146.00,143.00,39.00,41.00,1,-1,-1,-1
536,3,118.00,77.00,44.00,31.00,1,-1,-1,-1
536,4,179.00,29.00,39.00,45.00,1,-1,-1,-1
537,0,217.00,141.00,48.00,46.00,1,-1,-1,-1
537,1,236.00,74.00,45.00,42.00,1,-1,-1,-1
537,2,147.00,143.00,38.00,42.00,1,-1,-1,-1
537,3,118.00,78.00,44.00,31.00,1,-1,-1,-1
537,4,178.00,29.00,39.00,45.00,1,-1,-1,-1
538,0,217.00,140.00,49.00,47.00,1,-1,-1,-1
538,1,236.00,74.00,44.00,41.00,1,-1,-1,-1
538,2,147.00,143.00,38.00,42.00,1,-1,-1,-1
538,3,117.00,80.00,45.00,29.00,1,-1,-1,-1
538,4,177.00,29.00,39.00,45.00,1,-1,-1,-1
539,0,217.00,140.00,50.00,46.00,1,-1,-1,-1
539,1,236.00,74.00,45.00,41.00,1,-1,-1,-1
539,2,149.00,144.00,37.00,42.00,1,-1,-1,-1
539,3,116.00,81.00,46.00,29.00,1,-1,-1,-1
539,4,176.00,29.00,40.00,45.00,1,-1,-1,-1
540,0,217.00,140.00,50.00,45.00,1,-1,-1,-1
540,1,236.00,73.00,45.00,41.00,1,-1,-1,-1
540,2,150.00,144.00,37.00,42.00,1,-1,-1,-1
540,3,115.00,81.00,47.00,30.00,1,-1,-1,-1
540,4,176.00,29.00,40.00,46.00,1,-1,-1,-1
541,0,218.00,140.00,50.00,44.00,1,-1,-1,-1
541,1,235.00,73.00,44.00,40.00,1,-1,-1,-1
541,2,150.00,145.00,37.00,41.00,1,-1,-1,-1
541,3,115.00,82.00,48.00,30.00,1,-1,-1,-1
541,4,175.00,29.00,40.00,46.00,1,-1,-1,-1
542,0,219.00,139.00,50.00,45.00,1,-1,-1,-1
542,1,236.00,72.00,43.00,41.00,1,-1,-1,-1
542,2,151.00,145.00,37.00,41.00,1,-1,-1,-1
542,3,115.00,82.00,48.00,31.00,1,-1,-1,-1
542,4,174.00,29.00,41.00,45.00,1,-1,-1,-1
543,0,220.00,139.00,49.00,44.00,1,-1,-1,-1
543,1,235.00,72.00,44.00,41.00,1,-1,-1,-1
543,2,152.00,145.00,37.00,42.00,1,-1,-1,-1
543,3,116.00,82.00,47.00,31.00,1,-1,-1,-1
543,4,173.00,29.00,41.00,45.00,1,-1,-1,-1
544,0,221.00,138.00,49.00,45.00,1,-1,-1,-1
544,1,234.00,71.00,44.00,41.00,1,-1,-1,-1
544,2,153.00,145.00,37.00,42.00,1,-1,-1,-1
544,3,115.00,83.00,47.00,31.00,1,-1,-1,-1
544,4,172.00,29.00,42.00,45.00,1,-1,-1,-1
545,0,221.00,138.00,49.00,44.00,1,-1,-1,-1
545,1,234.00,70.00,44.00,41.00,1,-1,-1,-1
545,2,153.00,145.00,37.00,43.00,1,-1,-1,-1
545,3,115.00,83.00,46.00,32.00,1,-1,-1,-1
545,4,171.00,29.00,41.00,46.00,1,-1,-1,-1
546,0,221.00,137.00,50.00,44.00,1,-1,-1,-1
546,1,234.00,70.00,43.00,41.00,1,-1,-1,-1
546,2,154.00,146.00,37.00,43.00,1,-1,-1,-1
546,3,114.00,84.00,48.00,32.00,1,-1,-1,-1
546,4,170.00,29.00,41.00,46.00,1,-1,-1,-1
547,0,221.00,137.00,50.00,43.00,1,-1,-1,-1
547,1,234.00,68.00,43.00,42.00,1,-1,-1,-1
547,2,154.00,146.00,37.00,43.00,1,-1,-1,-1
547,3,114.00,84.00,48.00,33.00,1,-1,-1,-1
547,4,170.00,29.00,40.00,46.00,1,-1,-1,-1
548,0,221.00,136.00,50.00,44.00,1,-1,-1,-1
548,1,234.00,67.00,43.00,42.00,1,-1,-1,-1
548,2,155.00,146.00,37.00,43.00,1,-1,-1,-1
548,3,114.00,85.00,48.00,33.00,1,-1,-1,-1
548,4,169.00,29.00,41.00,47.00,1,-1,-1,-1
549,0,222.00,136.00,50.00,43.00,1,-1,-1,-1
549,1,234.00,67.00,43.00,41.00,1,-1,-1,-1
549,2,155.00,147.00,37.00,42.00,1,-1,-1,-1
549,3,113.00,86.00,49.00,32.00,1,-1,-1,-1
549,4,168.00,29.00,41.00,46.00,1,-1,-1,-1
550,0,222.00,135.00,51.00,44.00,1,-1,-1,-1
550,1,234.00,67.00,42.00,40.00,1,-1,-1,-1
550,2,156.00,147.00,37.00,43.00,1,-1,-1,-1
550,3,113.00,87.00,49.00,32.00,1,-1,-1,-1
550,4,167.00,30.00,42.00,45.00,1,-1,-1,-1
551,0,223.00,135.00,51.00,43.00,1,-1,-1,-1
551,1,234.00,66.00,42.00,40.00,1,-1,-1,-1
551,2,156.00,147.00,37.00,42.00,1,-1,-1,-1
551,3,113.00,88.00,49.00,32.00,1,-1,-1,-1
551,4,167.00,30.00,41.00,46.00,1,-1,-1,-1
552,0,224.00,134.00,51.00,44.00,1,-1,-1,-1
552,1,233.00,64.00,43.00,42.00,1,-1,-1,-1
552,2,157.00,147.00,38.00,43.00,1,-1,-1,-1
552,3,113.00,89.00,49.00,32.00,1,-1,-1,-1
552,4,166.00,30.00,41.00,46.00,1,-1,-1,-1
553,0,224.00,134.00,51.00,43.00,1,-1,-1,-1
553,1,232.00,64.00,43.00,41.00,1,-1,-1,-1
553,2,158.00,147.00,38.00,44.00,1,-1,-1,-1
553,3,113.00,89.00,49.00,33.00,1,-1,-1,-1
553,4,166.00,31.00,41.00,46.00,1,-1,-1,-1
554,0,225.00,134.00,51.00,42.00,1,-1,-1,-1
554,1,232.00,64.00,43.00,41.00,1,-1,-1,-1
554,2,158.00,147.00,39.00,45.00,1,-1,-1,-1
554,3,114.00,90.00,49.00,32.00,1,-1,-1,-1
554,4,165.00,31.00,41.00,45.00,1,-1,-1,-1
555,0,225.00,133.00,51.00,42.00,1,-1,-1,-1
555,1,231.00,63.00,44.00,42.00,1,-1,-1,-1
555,2,158.00,148.00,39.00,44.00,1,-1,-1,-1
555,3,113.00,91.00,49.00,32.00,1,-1,-1,-1
555,4,164.00,32.00,41.00,45.00,1,-1,-1,-1
556,0,226.00,132.00,51.00,42.00,1,-1,-1,-1
556,1,231.00,63.00,43.00,42.00,1,-1,-1,-1
556,2,159.00,147.00,39.00,45.00,1,-1,-1,-1
556,3,113.00,92.00,47.00,32.00,1,-1,-1,-1
556,4,162.00,32.00,42.00,45.00,1,-1,-1,-1
557,0,226.00,131.00,51.00,43.00,1,-1,-1,-1
557,1,231.00,62.00,43.00,42.00,1,-1,-1,-1
557,2,160.00,148.00,39.00,44.00,1,-1,-1,-1
557,3,113.00,93.00,47.00,32.00,1,-1,-1,-1
557,4,161.00,31.00,43.00,46.00,1,-1,-1,-1
558,0,226.00,130.00,52.00,43.00,1,-1,-1,-1
558,1,230.00,61.00,44.00,42.00,1,-1,-1,-1
558,2,161.00,148.00,38.00,44.00,1,-1,-1,-1
558,3,113.00,94.00,47.00,32.00,1,-1,-1,-1
558,4,160.00,31.00,43.00,46.00,1,-1,-1,-1
559,0,227.00,129.00,51.00,43.00,1,-1,-1,-1
559,1,230.00,59.00,43.00,44.00,1,-1,-1,-1
559,2,162.00,149.00,37.00,44.00,1,-1,-1,-1
559,3,113.00,95.00,47.00,32.00,1,-1,-1,-1
559,4,159.00,31.00,44.00,47.00,1,-1,-1,-1
560,0,228.00,129.00,50.00,42.00,1,-1,-1,-1
560,1,230.00,59.00,43.00,43.00,1,-1,-1,-1
560,2,163.00,150.00,36.00,43.00,1,-1,-1,-1
560,3,112.00,95.00,48.00,32.00,1,-1,-1,-1
560,4,159.00,31.00,43.00,48.00,1,-1,-1,-1
561,0,228.00,128.00,51.00,43.00,1,-1,-1,-1
561,1,230.00,58.00,42.00,43.00,1,-1,-1,-1
561,2,164.00,150.00,37.00,43.00,1,-1,-1,-1
561,3,113.00,96.00,48.00,32.00,1,-1,-1,-1
561,4,158.00,31.00,43.00,48.00,1,-1,-1,-1
562,0,228.00,128.00,51.00,42.00,1,-1,-1,-1
562,1,229.00,58.00,43.00,43.00,1,-1,-1,-1
562,2,164.00,150.00,38.00,44.00,1,-1,-1,-1
562,3,113.00,97.00,48.00,31.00,1,-1,-1,-1
562,4,157.00,32.00,42.00,47.00,1,-1,-1,-1
563,0,229.00,128.00,51.00,42.00,1,-1,-1,-1
563,1,229.00,58.00,42.00,42.00,1,-1,-1,-1
563,2,165.00,151.00,38.00,43.00,1,-1,-1,-1
563,3,114.00,97.00,47.00,32.00,1,-1,-1,-1
563,4,156.00,33.00,42.00,46.00,1,-1,-1,-1
564,0,229.00,127.00,51.00,42.00,1,-1,-1,-1
564,1,229.00,58.00,41.00,42.00,1,-1,-1,-1
564,2,166.00,151.00,38.00,43.00,1,-1,-1,-1
564,3,114.00,98.00,47.00,32.00,1,-1,-1,-1
564,4,155.00,33.00,42.00,47.00,1,-1,-1,-1
565,0,230.00,126.00,51.00,42.00,1,-1,-1,-1
565,1,228.00,57.00,42.00,42.00,1,-1,-1,-1
565,2,167.00,151.00,38.00,43.00,1,-1,-1,-1
565,3,114.00,99.00,47.00,32.00,1,-1,-1,-1
565,4,156.00,34.00,41.00,47.00,1,-1,-1,-1
566,0,230.00,125.00,51.00,42.00,1,-1,-1,-1
566,1,228.00,56.00,41.00,42.00,1,-1,-1,-1
566,2,168.00,151.00,38.00,44.00,1,-1,-1,-1
566,3,114.00,99.00,46.00,33.00,1,-1,-1,-1
566,4,155.00,33.00,41.00,47.00,1,-1,-1,-1
567,0,230.00,125.00,52.00,42.00,1,-1,-1,-1
567,1,227.00,54.00,41.00,44.00,1,-1,-1,-1
567,2,169.00,151.00,37.00,44.00,1,-1,-1,-1
567,3,114.00,100.00,46.00,34.00,1,-1,-1,-1
567,4,155.00,33.00,40.00,48.00,1,-1,-1,-1
568,0,230.00,124.00,52.00,42.00,1,-1,-1,-1
568,1,227.00,53.00,41.00,44.00,1,-1,-1,-1
568,2,170.00,152.00,37.00,42.00,1,-1,-1,-1
568,3,114.00,101.00,45.00,33.00,1,-1,-1,-1
568,4,154.00,33.00,41.00,48.00,1,-1,-1,-1
569,0,231.00,123.00,51.00,42.00,1,-1,-1,-1
569,1,226.00,53.00,42.00,44.00,1,-1,-1,-1
569,2,171.00,152.00,36.00,42.00,1,-1,-1,-1
569,3,114.00,101.00,45.00,34.00,1,-1,-1,-1
569,4,153.00,33.00,41.00,48.00,1,-1,-1,-1
570,0,231.00,123.00,52.00,42.00,1,-1,-1,-1
570,1,226.00,52.00,42.00,45.00,1,-1,-1,-1
570,2,172.00,152.00,35.00,41.00,1,-1,-1,-1
570,3,114.00,102.00,45.00,34.00,1,-1,-1,-1
570,4,152.00,34.00,41.00,47.00,1,-1,-1,-1
571,0,231.00,122.00,52.00,42.00,1,-1,-1,-1
571,1,225.00,51.00,42.00,45.00,1,-1,-1,-1
571,2,173.00,152.00,35.00,41.00,1,-1,-1,-1
571,3,115.00,102.00,46.00,35.00,1,-1,-1,-1
571,4,151.00,35.00,41.00,47.00,1,-1,-1,-1
572,0,232.00,122.00,51.00,41.00,1,-1,-1,-1
572,1,224.00,50.00,43.00,45.00,1,-1,-1,-1
572,2,173.00,152.00,36.00,42.00,1,-1,-1,-1
572,3,115.00,103.00,46.00,35.00,1,-1,-1,-1
572,4,150.00,35.00,42.00,48.00,1,-1,-1,-1
573,0,232.00,121.00,52.00,42.00,1,-1,-1,-1
573,1,224.00,49.00,42.00,46.00,1,-1,-1,-1
573,2,173.00,152.00,37.00,42.00,1,-1,-1,-1
573,3,114.00,103.00,47.00,37.00,1,-1,-1,-1
573,4,149.00,36.00,42.00,48.00,1,-1,-1,-1
574,0,232.00,121.00,52.00,41.00,1,-1,-1,-1
574,1,224.00,49.00,41.00,45.00,1,-1,-1,-1
574,2,173.00,152.00,39.00,43.00,1,-1,-1,-1
574,3,114.00,103.00,47.00,37.00,1,-1,-1,-1
574,4,149.00,36.00,42.00,48.00,1,-1,-1,-1
575,0,232.00,120.00,52.00,42.00,1,-1,-1,-1
575,1,223.00,49.00,41.00,45.00,1,-1,-1,-1
575,2,174.00,152.00,38.00,43.00,1,-1,-1,-1
575,3,114.00,104.00,46.00,37.00,1,-1,-1,-1
575,4,148.00,37.00,43.00,47.00,1,-1,-1,-1
576,0,232.00,119.00,53.00,43.00,1,-1,-1,-1
576,1,223.00,49.00,40.00,45.00,1,-1,-1,-1
576,2,174.00,152.00,39.00,44.00,1,-1,-1,-1
576,3,114.00,105.00,46.00,37.00,1,-1,-1,-1
576,4,147.00,37.00,43.00,47.00,1,-1,-1,-1
577,0,233.00,118.00,52.00,43.00,1,-1,-1,-1
577,1,223.00,49.00,40.00,44.00,1,-1,-1,-1
577,2,175.00,152.00,38.00,43.00,1,-1,-1,-1
577,3,114.00,106.00,47.00,38.00,1,-1,-1,-1
577,4,147.00,37.00,42.00,47.00,1,-1,-1,-1
578,0,234.00,118.00,51.00,42.00,1,-1,-1,-1
578,1,222.00,49.00,41.00,43.00,1,-1,-1,-1
578,2,176.00,153.00,37.00,42.00,1,-1,-1,-1
578,3,114.00,107.00,47.00,38.00,1,-1,-1,-1
578,4,146.00,38.00,42.00,46.00,1,-1,-1,-1
579,0,234.00,117.00,52.00,42.00,1,-1,-1,-1
579,1,222.00,49.00,41.00,43.00,1,-1,-1,-1
579,2,178.00,153.00,36.00,42.00,1,-1,-1,-1
579,3,114.00,108.00,48.00,37.00,1,-1,-1,-1
579,4,145.00,38.00,43.00,46.00,1,-1,-1,-1
580,0,235.00,116.00,51.00,42.00,1,-1,-1,-1
580,1,221.00,49.00,41.00,43.00,1,-1,-1,-1
580,2,178.00,153.00,36.00,41.00,1,-1,-1,-1
580,3,114.00,109.00,48.00,37.00,1,-1,-1,-1
580,4,145.00,39.00,42.00,46.00,1,-1,-1,-1
581,0,235.00,115.00,51.00,42.00,1,-1,-1,-1
581,1,221.00,48.00,40.00,43.00,1,-1,-1,-1
581,2,178.00,152.00,37.00,42.00,1,-1,-1,-1
581,3,114.00,110.00,47.00,37.00,1,-1,-1,-1
581,4,144.00,39.00,42.00,46.00,1,-1,-1,-1
582,0,235.00,115.00,52.00,41.00,1,-1,-1,-1
582,1,220.00,47.00,41.00,45.00,1,-1,-1,-1
582,2,179.00,152.00,37.00,42.00,1,-1,-1,-1
582,3,114.00,111.00,46.00,37.00,1,-1,-1,-1
582,4,144.00,40.00,41.00,45.00,1,-1,-1,-1
583,0,235.00,114.00,52.00,42.00,1,-1,-1,-1
583,1,220.00,46.00,41.00,45.00,1,-1,-1,-1
583,2,179.00,152.00,38.00,42.00,1,-1,-1,-1
583,3,115.00,112.00,45.00,37.00,1,-1,-1,-1
583,4,143.00,40.00,42.00,45.00,1,-1,-1,-1
584,0,235.00,113.00,53.00,43.00,1,-1,-1,-1
584,1,220.00,46.00,40.00,44.00,1,-1,-1,-1
584,2,180.00,152.00,38.00,43.00,1,-1,-1,-1
584,3,116.00,113.00,45.00,36.00,1,-1,-1,-1
584,4,142.00,41.00,43.00,45.00,1,-1,-1,-1
585,0,235.00,113.00,53.00,43.00,1,-1,-1,-1
585,1,219.00,45.00,40.00,44.00,1,-1,-1,-1
585,2,181.00,152.00,38.00,43.00,1,-1,-1,-1
585,3,116.00,113.00,44.00,37.00,1,-1,-1,-1
585,4,141.00,41.00,44.00,46.00,1,-1,-1,-1
586,0,235.00,112.00,53.00,43.00,1,-1,-1,-1
586,1,219.00,44.00,40.00,45.00,1,-1,-1,-1
586,2,182.00,153.00,37.00,42.00,1,-1,-1,-1
586,3,116.00,114.00,44.00,36.00,1,-1,-1,-1
586,4,140.00,41.00,45.00,46.00,1,-1,-1,-1
587,0,236.00,111.00,52.00,43.00,1,-1,-1,-1
587,1,219.00,44.00,39.00,44.00,1,-1,-1,-1
587,2,183.00,153.00,37.00,42.00,1,-1,-1,-1
587,3,116.00,114.00,45.00,37.00,1,-1,-1,-1
587,4,139.00,42.00,46.00,46.00,1,-1,-1,-1
588,0,236.00,110.00,52.00,43.00,1,-1,-1,-1
588,1,218.00,44.00,39.00,44.00,1,-1,-1,-1
588,2,184.00,153.00,37.00,42.00,1,-1,-1,-1
588,3,116.00,115.00,46.00,37.00,1,-1,-1,-1
588,4,139.00,42.00,45.00,46.00,1,-1,-1,-1
589,0,236.00,109.00,52.00,44.00,1,-1,-1,-1
589,1,218.00,44.00,39.00,43.00,1,-1,-1,-1
589,2,185.00,154.00,37.00,41.00,1,-1,-1,-1
589,3,116.00,116.00,45.00,37.00,1,-1,-1,-1
589,4,138.00,42.00,45.00,46.00,1,-1,-1,-1
590,0,237.00,109.00,51.00,43.00,1,-1,-1,-1
590,1,217.00,44.00,39.00,43.00,1,-1,-1,-1
590,2,186.00,154.00,37.00,40.00,1,-1,-1,-1
590,3,117.00,116.00,44.00,37.00,1,-1,-1,-1
590,4,138.00,43.00,45.00,45.00,1,-1,-1,-1
591,0,237.00,108.00,52.00,44.00,1,-1,-1,-1
591,1,216.00,43.00,39.00,44.00,1,-1,-1,-1
591,2,187.00,153.00,36.00,41.00,1,-1,-1,-1
591,3,118.00,116.00,43.00,38.00,1,-1,-1,-1
591,4,137.00,44.00,46.00,44.00,1,-1,-1,-1
592,0,236.00,107.00,53.00,45.00,1,-1,-1,-1
592,1,215.00,42.00,40.00,44.00,1,-1,-1,-1
592,2,188.00,153.00,35.00,40.00,1,-1,-1,-1
592,3,118.00,117.00,44.00,38.00,1,-1,-1,-1
592,4,137.00,44.00,45.00,45.00,1,-1,-1,-1
593,0,237.00,106.00,52.00,46.00,1,-1,-1,-1
593,1,214.00,42.00,40.00,44.00,1,-1,-1,-1
593,2,189.00,152.00,35.00,41.00,1,-1,-1,-1
593,3,118.00,118.00,43.00,38.00,1,-1,-1,-1
593,4,136.00,45.00,45.00,44.00,1,-1,-1,-1
594,0,236.00,106.00,53.00,45.00,1,-1,-1,-1
594,1,214.00,41.00,40.00,45.00,1,-1,-1,-1
594,2,189.00,152.00,36.00,41.00,1,-1,-1,-1
594,3,119.00,119.00,42.00,37.00,1,-1,-1,-1
594,4,136.00,46.00,44.00,43.00,1,-1,-1,-1
595,0,237.00,105.00,52.00,45.00,1,-1,-1,-1
595,1,213.00,41.00,40.00,45.00,1,-1,-1,-1
595,2,190.00,153.00,36.00,40.00,1,-1,-1,-1
595,3,120.00,119.00,40.00,38.00,1,-1,-1,-1
595,4,135.00,46.00,44.00,44.00,1,-1,-1,-1
596,0,237.00,104.00,52.00,44.00,1,-1,-1,-1
596,1,213.00,40.00,39.00,46.00,1,-1,-1,-1
596,2,190.00,152.00,37.00,41.00,1,-1,-1,-1
596,3,120.00,120.00,41.00,38.00,1,-1,-1,-1
596,4,134.00,47.00,45.00,44.00,1,-1,-1,-1
597,0,236.00,103.00,53.00,44.00,1,-1,-1,-1
597,1,212.00,40.00,39.00,45.00,1,-1,-1,-1
597,2,190.00,153.00,37.00,41.00,1,-1,-1,-1
597,3,120.00,120.00,41.00,39.00,1,-1,-1,-1
597,4,133.00,47.00,46.00,44.00,1,-1,-1,-1
598,0,236.00,102.00,53.00,44.00,1,-1,-1,-1
598,1,212.00,40.00,37.00,45.00,1,-1,-1,-1
598,2,191.00,152.00,37.00,41.00,1,-1,-1,-1
598,3,120.00,121.00,41.00,39.00,1,-1,-1,-1
598,4,132.00,48.00,46.00,44.00,1,-1,-1,-1
599,0,235.00,102.00,54.00,44.00,1,-1,-1,-1
599,1,212.00,40.00,37.00,44.00,1,-1,-1,-1
599,2,191.00,152.00,37.00,40.00,1,-1,-1,-1
599,3,120.00,122.00,41.00,40.00,1,-1,-1,-1
599,4,132.00,48.00,45.00,44.00,1,-1,-1,-1
600,0,235.00,101.00,54.00,45.00,1,-1,-1,-1
600,1,211.00,39.00,37.00,45.00,1,-1,-1,-1
600,2,192.00,152.00,38.00,41.00,1,-1,-1,-1
600,3,121.00,123.00,40.00,41.00,1,-1,-1,-1
600,4,131.00,49.00,45.00,44.00,1,-1,-1,-1
601,0,236.00,100.00,53.00,45.00,1,-1,-1,-1
601,1,211.00,39.00,37.00,44.00,1,-1,-1,-1
601,2,192.00,151.00,39.00,42.00,1,-1,-1,-1
601,3,122.00,124.00,39.00,40.00,1,-1,-1,-1
601,4,131.00,49.00,45.00,44.00,1,-1,-1,-1
602,0,237.00,99.00,52.00,45.00,1,-1,-1,-1
602,1,210.00,39.00,37.00,44.00,1,-1,-1,-1
602,2,193.00,151.00,39.00,42.00,1,-1,-1,-1
602,3,123.00,124.00,38.00,40.00,1,-1,-1,-1
602,4,130.00,49.00,45.00,45.00,1,-1,-1,-1
603,0,236.00,98.00,53.00,46.00,1,-1,-1,-1
603,1,210.00,38.00,37.00,45.00,1,-1,-1,-1
603,2,194.00,151.00,39.00,42.00,1,-1,-1,-1
603,3,124.00,124.00,39.00,40.00,1,-1,-1,-1
603,4,129.00,50.00,45.00,44.00,1,-1,-1,-1
604,0,236.00,97.00,53.00,46.00,1,-1,-1,-1
604,1,209.00,39.00,37.00,43.00,1,-1,-1,-1
604,2,195.00,151.00,38.00,42.00,1,-1,-1,-1
604,3,123.00,125.00,40.00,40.00,1,-1,-1,-1
604,4,129.00,51.00,45.00,44.00,1,-1,-1,-1
605,0,236.00,97.00,54.00,45.00,1,-1,-1,-1
605,1,209.00,39.00,37.00,43.00,1,-1,-1,-1
605,2,196.00,151.00,38.00,41.00,1,-1,-1,-1
605,3,123.00,126.00,40.00,39.00,1,-1,-1,-1
605,4,128.00,52.00,46.00,43.00,1,-1,-1,-1
606,0,236.00,96.00,54.00,45.00,1,-1,-1,-1
606,1,208.00,38.00,37.00,43.00,1,-1,-1,-1
606,2,197.00,151.00,37.00,41.00,1,-1,-1,-1
606,3,124.00,127.00,39.00,39.00,1,-1,-1,-1
606,4,128.00,52.00,46.00,43.00,1,-1,-1,-1
607,0,236.00,95.00,54.00,46.00,1,-1,-1,-1
607,1,207.00,38.00,37.00,43.00,1,-1,-1,-1
607,2,198.00,151.00,37.00,40.00,1,-1,-1,-1
607,3,124.00,128.00,39.00,39.00,1,-1,-1,-1
607,4,127.00,53.00,46.00,44.00,1,-1,-1,-1
608,0,236.00,95.00,54.00,45.00,1,-1,-1,-1
608,1,206.00,37.00,37.00,43.00,1,-1,-1,-1
608,2,198.00,150.00,38.00,42.00,1,-1,-1,-1
608,3,124.00,129.00,39.00,38.00,1,-1,-1,-1
608,4,126.00,53.00,47.00,44.00,1,-1,-1,-1
609,0,236.00,94.00,54.00,46.00,1,-1,-1,-1
609,1,205.00,36.00,37.00,44.00,1,-1,-1,-1
609,2,198.00,150.00,39.00,42.00,1,-1,-1,-1
609,3,126.00,130.00,37.00,37.00,1,-1,-1,-1
609,4,126.00,54.00,47.00,43.00,1,-1,-1,-1
610,0,236.00,93.00,54.00,46.00,1,-1,-1,-1
610,1,205.00,36.00,36.00,43.00,1,-1,-1,-1
610,2,199.00,150.00,39.00,42.00,1,-1,-1,-1
610,3,127.00,130.00,37.00,38.00,1,-1,-1,-1
610,4,126.00,55.00,46.00,43.00,1,-1,-1,-1
611,0,237.00,92.00,53.00,46.00,1,-1,-1,-1
611,1,204.00,35.00,37.00,44.00,1,-1,-1,-1
611,2,199.00,150.00,40.00,41.00,1,-1,-1,-1
611,3,126.00,130.00,39.00,40.00,1,-1,-1,-1
611,4,126.00,56.00,46.00,42.00,1,-1,-1,-1
612,0,237.00,91.00,53.00,46.00,1,-1,-1,-1
612,1,204.00,35.00,36.00,44.00,1,-1,-1,-1
612,2,200.00,150.00,39.00,40.00,1,-1,-1,-1
612,3,126.00,131.00,39.00,40.00,1,-1,-1,-1
612,4,125.00,57.00,46.00,42.00,1,-1,-1,-1
613,0,237.00,90.00,53.00,46.00,1,-1,-1,-1
613,1,203.00,36.00,36.00,43.00,1,-1,-1,-1
613,2,200.00,150.00,39.00,40.00,1,-1,-1,-1
613,3,127.00,132.00,37.00,41.00,1,-1,-1,-1
613,4,125.00,57.00,45.00,42.00,1,-1,-1,-1
614,0,237.00,89.00,53.00,46.00,1,-1,-1,-1
614,1,203.00,36.00,36.00,43.00,1,-1,-1,-1
614,2,201.00,149.00,39.00,41.00,1,-1,-1,-1
614,3,127.00,132.00,39.00,42.00,1,-1,-1,-1
614,4,124.00,57.00,46.00,43.00,1,-1,-1,-1
615,0,237.00,88.00,53.00,46.00,1,-1,-1,-1
615,1,202.00,37.00,36.00,42.00,1,-1,-1,-1
615,2,202.00,149.00,39.00,41.00,1,-1,-1,-1
615,3,127.00,133.00,39.00,42.00,1,-1,-1,-1
615,4,123.00,58.00,46.00,43.00,1,-1,-1,-1
616,0,236.00,87.00,54.00,47.00,1,-1,-1,-1
616,1,201.00,36.00,36.00,43.00,1,-1,-1,-1
616,2,203.00,148.00,39.00,41.00,1,-1,-1,-1
616,3,127.00,134.00,39.00,42.00,1,-1,-1,-1
616,4,123.00,58.00,46.00,43.00,1,-1,-1,-1
617,0,237.00,87.00,53.00,47.00,1,-1,-1,-1
617,1,200.00,35.00,36.00,44.00,1,-1,-1,-1
617,2,204.00,148.00,39.00,41.00,1,-1,-1,-1
617,3,129.00,135.00,36.00,41.00,1,-1,-1,-1
617,4,122.00,59.00,47.00,43.00,1,-1,-1,-1
618,0,237.00,86.00,52.00,47.00,1,-1,-1,-1
618,1,199.00,34.00,37.00,45.00,1,-1,-1,-1
618,2,204.00,148.00,41.00,41.00,1,-1,-1,-1
618,3,129.00,136.00,37.00,41.00,1,-1,-1,-1
618,4,122.00,60.00,47.00,43.00,1,-1,-1,-1
619,0,238.00,85.00,51.00,48.00,1,-1,-1,-1
619,1,199.00,34.00,36.00,45.00,1,-1,-1,-1
619,2,205.00,148.00,40.00,41.00,1,-1,-1,-1
619,3,130.00,136.00,37.00,41.00,1,-1,-1,-1
619,4,122.00,60.00,46.00,43.00,1,-1,-1,-1
620,0,238.00,84.00,51.00,48.00,1,-1,-1,-1
620,1,199.00,34.00,35.00,44.00,1,-1,-1,-1
620,2,206.00,148.00,40.00,41.00,1,-1,-1,-1
620,3,131.00,136.00,37.00,41.00,1,-1,-1,-1
620,4,121.00,61.00,47.00,43.00,1,-1,-1,-1
621,0,238.00,84.00,50.00,47.00,1,-1,-1,-1
621,1,199.00,34.00,35.00,44.00,1,-1,-1,-1
621,2,206.00,147.00,41.00,41.00,1,-1,-1,-1
621,3,134.00,136.00,35.00,41.00,1,-1,-1,-1
621,4,120.00,62.00,48.00,43.00,1,-1,-1,-1
622,0,238.00,84.00,50.00,47.00,1,-1,-1,-1
622,1,198.00,34.00,35.00,44.00,1,-1,-1,-1
622,2,207.00,147.00,40.00,41.00,1,-1,-1,-1
622,3,137.00,137.00,32.00,38.00,1,-1,-1,-1
622,4,120.00,63.00,48.00,43.00,1,-1,-1,-1
623,0,239.00,83.00,49.00,47.00,1,-1,-1,-1
623,1,197.00,34.00,35.00,44.00,1,-1,-1,-1
623,2,208.00,147.00,40.00,40.00,1,-1,-1,-1
623,3,137.00,136.00,33.00,41.00,1,-1,-1,-1
623,4,119.00,63.00,49.00,44.00,1,-1,-1,-1
624,0,238.00,81.00,50.00,48.00,1,-1,-1,-1
624,1,196.00,34.00,35.00,44.00,1,-1,-1,-1
624,2,209.00,147.00,39.00,40.00,1,-1,-1,-1
624,3,136.00,138.00,34.00,41.00,1,-1,-1,-1
624,4,119.00,64.00,49.00,43.00,1,-1,-1,-1
625,0,238.00,81.00,49.00,47.00,1,-1,-1,-1
625,1,195.00,34.00,35.00,43.00,1,-1,-1,-1
625,2,209.00,147.00,40.00,40.00,1,-1,-1,-1
625,3,136.00,138.00,34.00,41.00,1,-1,-1,-1
625,4,118.00,65.00,50.00,43.00,1,-1,-1,-1
626,0,238.00,80.00,48.00,47.00,1,-1,-1,-1
626,1,194.00,34.00,36.00,43.00,1,-1,-1,-1
626,2,210.00,147.00,39.00,40.00,1,-1,-1,-1
626,3,136.00,139.00,35.00,41.00,1,-1,-1,-1
626,4,118.00,65.00,49.00,43.00,1,-1,-1,-1
627,0,238.00,79.00,48.00,48.00,1,-1,-1,-1
627,1,193.00,33.00,36.00,44.00,1,-1,-1,-1
627,2,210.00,146.00,40.00,40.00,1,-1,-1,-1
627,3,136.00,140.00,36.00,41.00,1,-1,-1,-1
627,4,117.00,66.00,49.00,43.00,1,-1,-1,-1
628,0,238.00,78.00,48.00,48.00,1,-1,-1,-1
628,1,192.00,33.00,36.00,44.00,1,-1,-1,-1
628,2,210.00,145.00,41.00,41.00,1,-1,-1,-1
628,3,137.00,140.00,35.00,42.00,1,-1,-1,-1
628,4,118.00,67.00,48.00,42.00,1,-1,-1,-1
629,0,239.00,78.00,48.00,47.00,1,-1,-1,-1
629,1,192.00,33.00,36.00,43.00,1,-1,-1,-1
629,2,211.00,144.00,41.00,41.00,1,-1,-1,-1
629,3,138.00,140.00,35.00,42.00,1,-1,-1,-1
629,4,118.00,67.00,47.00,42.00,1,-1,-1,-1
630,0,239.00,77.00,48.00,48.00,1,-1,-1,-1
630,1,191.00,33.00,36.00,43.00,1,-1,-1,-1
630,2,212.00,144.00,41.00,41.00,1,-1,-1,-1
630,3,139.00,141.00,33.00,42.00,1,-1,-1,-1
630,4,117.00,68.00,48.00,42.00,1,-1,-1,-1
631,0,238.00,76.00,49.00,48.00,1,-1,-1,-1
631,1,191.00,33.00,36.00,44.00,1,-1,-1,-1
631,2,212.00,144.00,42.00,41.00,1,-1,-1,-1
631,3,141.00,141.00,32.00,41.00,1,-1,-1,-1
631,4,117.00,69.00,48.00,42.00,1,-1,-1,-1
632,0,238.00,76.00,49.00,47.00,1,-1,-1,-1
632,1,191.00,33.00,35.00,44.00,1,-1,-1,-1
632,2,213.00,144.00,42.00,40.00,1,-1,-1,-1
632,3,141.00,142.00,32.00,41.00,1,-1,-1,-1
632,4,116.00,70.00,48.00,41.00,1,-1,-1,-1
633,0,237.00,75.00,50.00,48.00,1,-1,-1,-1
633,1,190.00,33.00,36.00,45.00,1,-1,-1,-1
633,2,214.00,143.00,42.00,40.00,1,-1,-1,-1
633,3,142.00,143.00,31.00,41.00,1,-1,-1,-1
633,4,117.00,71.00,48.00,41.00,1,-1,-1,-1
634,0,237.00,74.00,49.00,48.00,1,-1,-1,-1
634,1,188.00,32.00,37.00,45.00,1,-1,-1,-1
634,2,214.00,143.00,42.00,40.00,1,-1,-1,-1
634,3,143.00,143.00,32.00,41.00,1,-1,-1,-1
634,4,116.00,71.00,48.00,42.00,1,-1,-1,-1
635,0,238.00,73.00,48.00,49.00,1,-1,-1,-1
635,1,187.00,32.00,37.00,45.00,1,-1,-1,-1
635,2,215.00,142.00,41.00,41.00,1,-1,-1,-1
635,3,143.00,142.00,33.00,43.00,1,-1,-1,-1
635,4,116.00,72.00,48.00,42.00,1,-1,-1,-1
636,0,238.00,73.00,47.00,48.00,1,-1,-1,-1
636,1,187.00,32.00,37.00,45.00,1,-1,-1,-1
636,2,215.00,142.00,42.00,40.00,1,-1,-1,-1
636,3,143.00,142.00,34.00,44.00,1,-1,-1,-1
636,4,116.00,73.00,48.00,41.00,1,-1,-1,-1
637,0,238.00,72.00,47.00,48.00,1,-1,-1,-1
637,1,186.00,33.00,37.00,44.00,1,-1,-1,-1
637,2,215.00,141.00,42.00,41.00,1,-1,-1,-1
637,3,144.00,142.00,34.00,44.00,1,-1,-1,-1
637,4,115.00,74.00,49.00,41.00,1,-1,-1,-1
638,0,237.00,71.00,47.00,48.00,1,-1,-1,-1
638,1,186.00,34.00,36.00,43.00,1,-1,-1,-1
638,2,216.00,141.00,42.00,40.00,1,-1,-1,-1
638,3,145.00,143.00,33.00,42.00,1,-1,-1,-1
638,4,114.00,74.00,49.00,42.00,1,-1,-1,-1
639,0,237.00,70.00,47.00,48.00,1,-1,-1,-1
639,1,185.00,34.00,36.00,42.00,1,-1,-1,-1
639,2,217.00,141.00,42.00,40.00,1,-1,-1,-1
639,3,145.00,144.00,33.00,43.00,1,-1,-1,-1
639,4,114.00,75.00,49.00,42.00,1,-1,-1,-1
640,0,237.00,69.00,47.00,49.00,1,-1,-1,-1
640,1,184.00,34.00,36.00,42.00,1,-1,-1,-1
640,2,218.00,140.00,42.00,40.00,1,-1,-1,-1
640,3,146.00,145.00,32.00,42.00,1,-1,-1,-1
640,4,114.00,76.00,49.00,42.00,1,-1,-1,-1
641,0,237.00,69.00,47.00,48.00,1,-1,-1,-1
641,1,183.00,33.00,37.00,42.00,1,-1,-1,-1
641,2,219.00,140.00,41.00,39.00,1,-1,-1,-1
641,3,148.00,147.00,29.00,41.00,1,-1,-1,-1
641,4,114.00,77.00,49.00,41.00,1,-1,-1,-1
642,0,237.00,68.00,46.00,48.00,1,-1,-1,-1
642,1,183.00,33.00,36.00,43.00,1,-1,-1,-1
642,2,219.00,140.00,42.00,39.00,1,-1,-1,-1
642,3,149.00,146.00,29.00,43.00,1,-1,-1,-1
642,4,113.00,77.00,50.00,42.00,1,-1,-1,-1
643,0,237.00,68.00,46.00,47.00,1,-1,-1,-1
643,1,182.00,33.00,36.00,43.00,1,-1,-1,-1
643,2,220.00,140.00,42.00,39.00,1,-1,-1,-1
643,3,150.00,147.00,29.00,43.00,1,-1,-1,-1
643,4,113.00,78.00,49.00,42.00,1,-1,-1,-1
644,0,236.00,67.00,46.00,47.00,1,-1,-1,-1
644,1,181.00,33.00,37.00,43.00,1,-1,-1,-1
644,2,220.00,139.00,42.00,40.00,1,-1,-1,-1
644,3,151.00,148.00,29.00,42.00,1,-1,-1,-1
644,4,113.00,79.00,49.00,42.00,1,-1,-1,-1
645,0,236.00,66.00,46.00,48.00,1,-1,-1,-1
645,1,180.00,34.00,37.00,42.00,1,-1,-1,-1
645,2,220.00,139.00,43.00,39.00,1,-1,-1,-1
645,3,152.00,147.00,29.00,44.00,1,-1,-1,-1
645,4,113.00,79.00,49.00,42.00,1,-1,-1,-1
646,0,235.00,65.00,47.00,49.00,1,-1,-1,-1
646,1,180.00,34.00,36.00,42.00,1,-1,-1,-1
646,2,221.00,138.00,42.00,40.00,1,-1,-1,-1
646,3,152.00,147.00,30.00,43.00,1,-1,-1,-1
646,4,112.00,80.00,50.00,42.00,1,-1,-1,-1
647,0,235.00,65.00,46.00,48.00,1,-1,-1,-1
647,1,179.00,34.00,36.00,42.00,1,-1,-1,-1
647,2,221.00,137.00,43.00,40.00,1,-1,-1,-1
647,3,153.00,148.00,30.00,42.00,1,-1,-1,-1
647,4,113.00,81.00,49.00,42.00,1,-1,-1,-1
648,0,235.00,64.00,46.00,48.00,1,-1,-1,-1
648,1,178.00,34.00,37.00,42.00,1,-1,-1,-1
648,2,222.00,136.00,43.00,41.00,1,-1,-1,-1
648,3,154.00,149.00,29.00,42.00,1,-1,-1,-1
648,4,113.00,81.00,49.00,42.00,1,-1,-1,-1
649,0,235.00,64.00,45.00,47.00,1,-1,-1,-1
649,1,177.00,34.00,37.00,42.00,1,-1,-1,-1
649,2,223.00,135.00,43.00,41.00,1,-1,-1,-1
649,3,155.00,150.00,28.00,40.00,1,-1,-1,-1
649,4,113.00,82.00,48.00,41.00,1,-1,-1,-1
650,0,234.00,62.00,46.00,49.00,1,-1,-1,-1
650,1,176.00,34.00,37.00,42.00,1,-1,-1,-1
650,2,224.00,134.00,43.00,42.00,1,-1,-1,-1
650,3,156.00,151.00,27.00,39.00,1,-1,-1,-1
650,4,112.00,84.00,49.00,40.00,1,-1,-1,-1
651,0,233.00,61.00,46.00,49.00,1,-1,-1,-1
651,1,175.00,33.00,38.00,43.00,1,-1,-1,-1
651,2,224.00,134.00,43.00,41.00,1,-1,-1,-1
651,3,157.00,151.00,27.00,40.00,1,-1,-1,-1
651,4,112.00,84.00,49.00,41.00,1,-1,-1,-1
652,0,233.00,60.00,46.00,49.00,1,-1,-1,-1
652,1,173.00,33.00,39.00,43.00,1,-1,-1,-1
652,2,225.00,134.00,43.00,41.00,1,-1,-1,-1
652,3,158.00,152.00,26.00,40.00,1,-1,-1,-1
652,4,112.00,85.00,49.00,40.00,1,-1,-1,-1
653,0,233.00,60.00,46.00,48.00,1,-1,-1,-1
653,1,172.00,34.00,39.00,43.00,1,-1,-1,-1
653,2,225.00,133.00,43.00,41.00,1,-1,-1,-1
653,3,158.00,152.00,27.00,41.00,1,-1,-1,-1
653,4,112.00,85.00,49.00,41.00,1,-1,-1,-1
654,0,233.00,59.00,45.00,48.00,1,-1,-1,-1
654,1,172.00,34.00,39.00,43.00,1,-1,-1,-1
654,2,226.00,133.00,42.00,40.00,1,-1,-1,-1
654,3,157.00,151.00,29.00,43.00,1,-1,-1,-1
654,4,112.00,86.00,49.00,41.00,1,-1,-1,-1
655,0,233.00,58.00,45.00,49.00,1,-1,-1,-1
655,1,172.00,34.00,38.00,43.00,1,-1,-1,-1
655,2,226.00,133.00,43.00,39.00,1,-1,-1,-1
655,3,157.00,152.00,30.00,43.00,1,-1,-1,-1
655,4,112.00,87.00,48.00,41.00,1,-1,-1,-1
656,0,232.00,58.00,45.00,48.00,1,-1,-1,-1
656,1,171.00,34.00,39.00,43.00,1,-1,-1,-1
656,2,226.00,132.00,44.00,40.00,1,-1,-1,-1
656,3,158.00,151.00,30.00,45.00,1,-1,-1,-1
656,4,112.00,88.00,48.00,41.00,1,-1,-1,-1
657,0,232.00,57.00,45.00,48.00,1,-1,-1,-1
657,1,171.00,35.00,38.00,42.00,1,-1,-1,-1
657,2,226.00,131.00,44.00,41.00,1,-1,-1,-1
657,3,159.00,152.00,30.00,44.00,1,-1,-1,-1
657,4,111.00,89.00,49.00,41.00,1,-1,-1,-1
658,0,231.00,57.00,46.00,48.00,1,-1,-1,-1
658,1,169.00,34.00,39.00,43.00,1,-1,-1,-1
658,2,226.00,131.00,45.00,40.00,1,-1,-1,-1
658,3,160.00,152.00,30.00,43.00,1,-1,-1,-1
658,4,111.00,89.00,49.00,42.00,1,-1,-1,-1
659,0,231.00,56.00,45.00,48.00,1,-1,-1,-1
659,1,168.00,34.00,39.00,44.00,1,-1,-1,-1
659,2,226.00,130.00,46.00,41.00,1,-1,-1,-1
659,3,160.00,153.00,31.00,43.00,1,-1,-1,-1
659,4,111.00,90.00,49.00,41.00,1,-1,-1,-1
660,0,231.00,56.00,44.00,48.00,1,-1,-1,-1
660,1,168.00,35.00,39.00,43.00,1,-1,-1,-1
660,2,226.00,130.00,47.00,40.00,1,-1,-1,-1
660,3,160.00,153.00,31.00,43.00,1,-1,-1,-1
660,4,111.00,91.00,49.00,41.00,1,-1,-1,-1
661,0,231.00,55.00,44.00,48.00,1,-1,-1,-1
661,1,168.00,36.00,38.00,42.00,1,-1,-1,-1
661,2,227.00,129.00,46.00,41.00,1,-1,-1,-1
661,3,161.00,154.00,31.00,42.00,1,-1,-1,-1
661,4,111.00,92.00,49.00,41.00,1,-1,-1,-1
662,0,231.00,54.00,43.00,49.00,1,-1,-1,-1
662,1,167.00,37.00,39.00,41.00,1,-1,-1,-1
662,2,228.00,129.00,45.00,40.00,1,-1,-1,-1
662,3,162.00,155.00,30.00,41.00,1,-1,-1,-1
662,4,111.00,92.00,49.00,42.00,1,-1,-1,-1
663,0,231.00,53.00,43.00,49.00,1,-1,-1,-1
663,1,167.00,37.00,38.00,41.00,1,-1,-1,-1
663,2,228.00,128.00,46.00,40.00,1,-1,-1,-1
663,3,164.00,155.00,29.00,40.00,1,-1,-1,-1
663,4,111.00,93.00,49.00,42.00,1,-1,-1,-1
664,0,230.00,53.00,43.00,49.00,1,-1,-1,-1
664,1,166.00,38.00,39.00,40.00,1,-1,-1,-1
664,2,229.00,127.00,45.00,41.00,1,-1,-1,-1
664,3,165.00,155.00,28.00,40.00,1,-1,-1,-1
664,4,111.00,94.00,49.00,42.00,1,-1,-1,-1
665,0,230.00,52.00,43.00,50.00,1,-1,-1,-1
665,1,165.00,38.00,39.00,40.00,1,-1,-1,-1
665,2,229.00,126.00,46.00,41.00,1,-1,-1,-1
665,3,167.00,155.00,27.00,39.00,1,-1,-1,-1
665,4,111.00,95.00,49.00,42.00,1,-1,-1,-1
666,0,229.00,51.00,43.00,50.00,1,-1,-1,-1
666,1,163.00,38.00,40.00,40.00,1,-1,-1,-1
666,2,229.00,125.00,46.00,42.00,1,-1,-1,-1
666,3,168.00,155.00,26.00,37.00,1,-1,-1,-1
666,4,111.00,95.00,49.00,43.00,1,-1,-1,-1
667,0,228.00,50.00,43.00,50.00,1,-1,-1,-1
667,1,162.00,37.00,41.00,41.00,1,-1,-1,-1
667,2,230.00,125.00,45.00,41.00,1,-1,-1,-1
667,3,169.00,155.00,26.00,38.00,1,-1,-1,-1
667,4,111.00,97.00,49.00,42.00,1,-1,-1,-1
668,0,228.00,49.00,43.00,51.00,1,-1,-1,-1
668,1,161.00,37.00,41.00,41.00,1,-1,-1,-1
668,2,230.00,125.00,46.00,40.00,1,-1,-1,-1
668,3,170.00,156.00,25.00,41.00,1,-1,-1,-1
668,4,111.00,98.00,49.00,41.00,1,-1,-1,-1
669,0,227.00,49.00,43.00,50.00,1,-1,-1,-1
669,1,160.00,37.00,41.00,41.00,1,-1,-1,-1
669,2,230.00,124.00,46.00,40.00,1,-1,-1,-1
669,3,170.00,157.00,26.00,41.00,1,-1,-1,-1
669,4,111.00,99.00,49.00,41.00,1,-1,-1,-1
670,0,227.00,48.00,43.00,50.00,1,-1,-1,-1
670,1,160.00,37.00,40.00,41.00,1,-1,-1,-1
670,2,231.00,124.00,46.00,40.00,1,-1,-1,-1
670,3,170.00,157.00,28.00,42.00,1,-1,-1,-1
670,4,111.00,100.00,49.00,41.00,1,-1,-1,-1
671,0,227.00,47.00,42.00,51.00,1,-1,-1,-1
671,1,160.00,37.00,39.00,42.00,1,-1,-1,-1
671,2,231.00,123.00,46.00,40.00,1,-1,-1,-1
671,3,171.00,155.00,28.00,44.00,1,-1,-1,-1
671,4,111.00,100.00,49.00,42.00,1,-1,-1,-1
672,0,226.00,47.00,42.00,51.00,1,-1,-1,-1
672,1,159.00,38.00,40.00,41.00,1,-1,-1,-1
672,2,231.00,122.00,46.00,41.00,1,-1,-1,-1
672,3,171.00,155.00,29.00,45.00,1,-1,-1,-1
672,4,111.00,101.00,49.00,41.00,1,-1,-1,-1
673,0,226.00,46.00,42.00,51.00,1,-1,-1,-1
673,1,158.00,39.00,40.00,40.00,1,-1,-1,-1
673,2,232.00,121.00,45.00,41.00,1,-1,-1,-1
673,3,172.00,155.00,29.00,44.00,1,-1,-1,-1
673,4,111.00,102.00,49.00,41.00,1,-1,-1,-1
674,0,226.00,46.00,41.00,50.00,1,-1,-1,-1
674,1,158.00,39.00,40.00,40.00,1,-1,-1,-1
674,2,233.00,121.00,45.00,41.00,1,-1,-1,-1
674,3,172.00,155.00,30.00,45.00,1,-1,-1,-1
674,4,111.00,103.00,49.00,41.00,1,-1,-1,-1
675,0,225.00,45.00,42.00,50.00,1,-1,-1,-1
675,1,157.00,39.00,40.00,41.00,1,-1,-1,-1
675,2,233.00,120.00,46.00,41.00,1,-1,-1,-1
675,3,173.00,155.00,29.00,45.00,1,-1,-1,-1
675,4,111.00,103.00,50.00,41.00,1,-1,-1,-1
676,0,224.00,45.00,42.00,50.00,1,-1,-1,-1
676,1,155.00,39.00,42.00,41.00,1,-1,-1,-1
676,2,233.00,119.00,45.00,41.00,1,-1,-1,-1
676,3,174.00,155.00,29.00,45.00,1,-1,-1,-1
676,4,112.00,103.00,49.00,42.00,1,-1,-1,-1
677,0,224.00,45.00,42.00,49.00,1,-1,-1,-1
677,1,154.00,39.00,42.00,41.00,1,-1,-1,-1
677,2,233.00,119.00,45.00,41.00,1,-1,-1,-1
677,3,175.00,156.00,29.00,45.00,1,-1,-1,-1
677,4,112.00,104.00,49.00,41.00,1,-1,-1,-1
678,0,224.00,44.00,41.00,49.00,1,-1,-1,-1
678,1,153.00,39.00,43.00,42.00,1,-1,-1,-1
678,2,233.00,118.00,46.00,42.00,1,-1,-1,-1
678,3,176.00,157.00,29.00,44.00,1,-1,-1,-1
678,4,112.00,105.00,49.00,42.00,1,-1,-1,-1
679,0,223.00,44.00,42.00,48.00,1,-1,-1,-1
679,1,153.00,40.00,43.00,42.00,1,-1,-1,-1
679,2,233.00,117.00,46.00,42.00,1,-1,-1,-1
679,3,177.00,156.00,28.00,43.00,1,-1,-1,-1
679,4,112.00,105.00,50.00,42.00,1,-1,-1,-1
680,0,223.00,43.00,41.00,49.00,1,-1,-1,-1
680,1,152.00,40.00,43.00,42.00,1,-1,-1,-1
680,2,234.00,117.00,46.00,41.00,1,-1,-1,-1
680,3,177.00,156.00,29.00,43.00,1,-1,-1,-1
680,4,112.00,105.00,50.00,43.00,1,-1,-1,-1
681,0,222.00,43.00,41.00,48.00,1,-1,-1,-1
681,1,152.00,40.00,42.00,42.00,1,-1,-1,-1
681,2,234.00,116.00,46.00,42.00,1,-1,-1,-1
681,3,178.00,157.00,28.00,40.00,1,-1,-1,-1
681,4,113.00,106.00,49.00,43.00,1,-1,-1,-1
682,0,222.00,42.00,41.00,49.00,1,-1,-1,-1
682,1,151.00,40.00,43.00,43.00,1,-1,-1,-1
682,2,234.00,115.00,46.00,41.00,1,-1,-1,-1
682,3,179.00,158.00,27.00,37.00,1,-1,-1,-1
682,4,113.00,106.00,49.00,44.00,1,-1,-1,-1
683,0,221.00,41.00,41.00,50.00,1,-1,-1,-1
683,1,150.00,40.00,43.00,43.00,1,-1,-1,-1
683,2,233.00,115.00,47.00,41.00,1,-1,-1,-1
683,3,180.00,158.00,27.00,35.00,1,-1,-1,-1
683,4,113.00,107.00,49.00,44.00,1,-1,-1,-1
684,0,220.00,40.00,42.00,50.00,1,-1,-1,-1
684,1,149.00,41.00,43.00,43.00,1,-1,-1,-1
684,2,233.00,114.00,48.00,42.00,1,-1,-1,-1
684,3,181.00,158.00,27.00,35.00,1,-1,-1,-1
684,4,114.00,108.00,48.00,43.00,1,-1,-1,-1
685,0,220.00,40.00,42.00,50.00,1,-1,-1,-1
685,1,149.00,42.00,43.00,42.00,1,-1,-1,-1
685,2,234.00,113.00,47.00,42.00,1,-1,-1,-1
685,3,182.00,158.00,27.00,34.00,1,-1,-1,-1
685,4,114.00,109.00,48.00,43.00,1,-1,-1,-1
686,0,219.00,40.00,42.00,50.00,1,-1,-1,-1
686,1,148.00,42.00,43.00,43.00,1,-1,-1,-1
686,2,234.00,113.00,47.00,41.00,1,-1,-1,-1
686,3,182.00,158.00,29.00,38.00,1,-1,-1,-1
686,4,114.00,110.00,48.00,43.00,1,-1,-1,-1
687,0,219.00,39.00,41.00,50.00,1,-1,-1,-1
687,1,147.00,42.00,44.00,43.00,1,-1,-1,-1
687,2,234.00,112.00,48.00,42.00,1,-1,-1,-1
687,3,182.00,158.00,29.00,39.00,1,-1,-1,-1
687,4,114.00,110.00,48.00,44.00,1,-1,-1,-1
688,0,218.00,39.00,41.00,50.00,1,-1,-1,-1
688,1,145.00,42.00,45.00,44.00,1,-1,-1,-1
688,2,235.00,111.00,47.00,42.00,1,-1,-1,-1
688,3,183.00,158.00,28.00,39.00,1,-1,-1,-1
688,4,114.00,111.00,48.00,44.00,1,-1,-1,-1
689,0,218.00,39.00,40.00,49.00,1,-1,-1,-1
689,1,145.00,42.00,45.00,45.00,1,-1,-1,-1
689,2,235.00,111.00,47.00,40.00,1,-1,-1,-1
689,3,186.00,161.00,25.00,35.00,1,-1,-1,-1
689,4,114.00,112.00,49.00,44.00,1,-1,-1,-1
690,0,217.00,38.00,40.00,50.00,1,-1,-1,-1
690,1,144.00,43.00,46.00,44.00,1,-1,-1,-1
690,2,235.00,110.00,47.00,41.00,1,-1,-1,-1
690,3,187.00,160.00,24.00,33.00,1,-1,-1,-1
690,4,114.00,113.00,49.00,44.00,1,-1,-1,-1
691,0,216.00,38.00,40.00,49.00,1,-1,-1,-1
691,1,144.00,43.00,45.00,44.00,1,-1,-1,-1
691,2,235.00,109.00,47.00,41.00,1,-1,-1,-1
691,3,188.00,160.00,24.00,35.00,1,-1,-1,-1
691,4,114.00,114.00,49.00,44.00,1,-1,-1,-1
692,0,216.00,38.00,40.00,49.00,1,-1,-1,-1
692,1,144.00,44.00,44.00,43.00,1,-1,-1,-1
692,2,235.00,109.00,47.00,41.00,1,-1,-1,-1
692,3,189.00,160.00,24.00,36.00,1,-1,-1,-1
692,4,114.00,115.00,49.00,44.00,1,-1,-1,-1
693,0,215.00,38.00,40.00,48.00,1,-1,-1,-1
693,1,143.00,44.00,44.00,43.00,1,-1,-1,-1
693,2,235.00,108.00,47.00,41.00,1,-1,-1,-1
693,3,190.00,161.00,24.00,37.00,1,-1,-1,-1
693,4,115.00,115.00,49.00,45.00,1,-1,-1,-1
694,0,215.00,37.00,40.00,49.00,1,-1,-1,-1
694,1,142.00,44.00,44.00,43.00,1,-1,-1,-1
694,2,236.00,108.00,46.00,41.00,1,-1,-1,-1
694,3,190.00,160.00,26.00,37.00,1,-1,-1,-1
694,4,115.00,116.00,49.00,44.00,1,-1,-1,-1
695,0,214.00,37.00,40.00,49.00,1,-1,-1,-1
695,1,141.00,45.00,44.00,43.00,1,-1,-1,-1
695,2,236.00,107.00,47.00,42.00,1,-1,-1,-1
695,3,190.00,160.00,27.00,37.00,1,-1,-1,-1
695,4,116.00,116.00,48.00,45.00,1,-1,-1,-1
696,0,214.00,36.00,39.00,50.00,1,-1,-1,-1
696,1,141.00,46.00,44.00,42.00,1,-1,-1,-1
696,2,237.00,107.00,46.00,41.00,1,-1,-1,-1
696,3,191.00,160.00,27.00,37.00,1,-1,-1,-1
696,4,116.00,116.00,49.00,45.00,1,-1,-1,-1
697,0,213.00,35.00,39.00,50.00,1,-1,-1,-1
697,1,141.00,47.00,43.00,41.00,1,-1,-1,-1
697,2,237.00,106.00,47.00,41.00,1,-1,-1,-1
697,3,194.00,163.00,22.00,29.00,1,-1,-1,-1
697,4,117.00,117.00,48.00,45.00,1,-1,-1,-1
698,0,212.00,35.00,39.00,50.00,1,-1,-1,-1
698,1,139.00,48.00,45.00,41.00,1,-1,-1,-1
698,2,236.00,105.00,48.00,42.00,1,-1,-1,-1
698,3,194.00,161.00,24.00,29.00,1,-1,-1,-1
698,4,118.00,117.00,47.00,45.00,1,-1,-1,-1
699,0,211.00,34.00,40.00,50.00,1,-1,-1,-1
699,1,139.00,49.00,45.00,40.00,1,-1,-1,-1
699,2,235.00,104.00,49.00,42.00,1,-1,-1,-1
699,3,194.00,159.00,26.00,33.00,1,-1,-1,-1
699,4,118.00,118.00,48.00,45.00,1,-1,-1,-1
700,0,210.00,34.00,40.00,49.00,1,-1,-1,-1
700,1,139.00,49.00,44.00,41.00,1,-1,-1,-1
700,2,236.00,103.00,48.00,43.00,1,-1,-1,-1
700,3,194.00,159.00,26.00,32.00,1,-1,-1,-1
700,4,118.00,119.00,47.00,45.00,1,-1,-1,-1
701,0,209.00,34.00,40.00,49.00,1,-1,-1,-1
701,1,138.00,49.00,44.00,41.00,1,-1,-1,-1
701,2,237.00,102.00,46.00,44.00,1,-1,-1,-1
701,3,194.00,158.00,28.00,35.00,1,-1,-1,-1
701,4,118.00,120.00,47.00,44.00,1,-1,-1,-1
702,0,209.00,34.00,40.00,49.00,1,-1,-1,-1
702,1,138.00,50.00,44.00,41.00,1,-1,-1,-1
702,2,237.00,101.00,46.00,44.00,1,-1,-1,-1
702,3,193.00,158.00,31.00,36.00,1,-1,-1,-1
702,4,119.00,122.00,46.00,43.00,1,-1,-1,-1
703,0,208.00,33.00,40.00,49.00,1,-1,-1,-1
703,1,137.00,50.00,44.00,41.00,1,-1,-1,-1
703,2,238.00,100.00,45.00,45.00,1,-1,-1,-1
703,3,195.00,158.00,30.00,36.00,1,-1,-1,-1
703,4,119.00,122.00,47.00,44.00,1,-1,-1,-1
704,0,208.00,33.00,40.00,49.00,1,-1,-1,-1
704,1,137.00,50.00,44.00,42.00,1,-1,-1,-1
704,2,238.00,100.00,45.00,44.00,1,-1,-1,-1
704,3,196.00,159.00,31.00,36.00,1,-1,-1,-1
704,4,120.00,123.00,46.00,43.00,1,-1,-1,-1
705,0,207.00,33.00,40.00,48.00,1,-1,-1,-1
705,1,136.00,50.00,44.00,42.00,1,-1,-1,-1
705,2,238.00,99.00,45.00,44.00,1,-1,-1,-1
705,3,198.00,159.00,28.00,35.00,1,-1,-1,-1
705,4,120.00,123.00,47.00,44.00,1,-1,-1,-1
706,0,206.00,33.00,41.00,48.00,1,-1,-1,-1
706,1,136.00,51.00,44.00,40.00,1,-1,-1,-1
706,2,238.00,98.00,45.00,44.00,1,-1,-1,-1
706,3,198.00,158.00,28.00,33.00,1,-1,-1,-1
706,4,121.00,124.00,47.00,44.00,1,-1,-1,-1
707,0,206.00,32.00,40.00,48.00,1,-1,-1,-1
707,1,135.00,52.00,45.00,40.00,1,-1,-1,-1
707,2,238.00,98.00,45.00,42.00,1,-1,-1,-1
707,3,199.00,158.00,28.00,34.00,1,-1,-1,-1
707,4,121.00,124.00,47.00,44.00,1,-1,-1,-1
708,0,205.00,31.00,40.00,49.00,1,-1,-1,-1
708,1,134.00,52.00,45.00,40.00,1,-1,-1,-1
708,2,238.00,97.00,45.00,42.00,1,-1,-1,-1
708,3,199.00,157.00,28.00,33.00,1,-1,-1,-1
708,4,122.00,125.00,47.00,44.00,1,-1,-1,-1
709,0,204.00,31.00,40.00,49.00,1,-1,-1,-1
709,1,133.00,53.00,46.00,40.00,1,-1,-1,-1
709,2,239.00,96.00,44.00,42.00,1,-1,-1,-1
709,3,199.00,157.00,29.00,33.00,1,-1,-1,-1
709,4,122.00,125.00,47.00,45.00,1,-1,-1,-1
710,0,203.00,31.00,40.00,49.00,1,-1,-1,-1
710,1,133.00,54.00,45.00,40.00,1,-1,-1,-1
710,2,239.00,96.00,44.00,41.00,1,-1,-1,-1
710,3,200.00,157.00,29.00,33.00,1,-1,-1,-1
710,4,123.00,126.00,47.00,44.00,1,-1,-1,-1
711,0,203.00,31.00,39.00,49.00,1,-1,-1,-1
711,1,132.00,54.00,45.00,40.00,1,-1,-1,-1
711,2,239.00,95.00,44.00,41.00,1,-1,-1,-1
711,3,201.00,157.00,29.00,32.00,1,-1,-1,-1
711,4,123.00,126.00,47.00,45.00,1,-1,-1,-1
712,0,202.00,30.00,40.00,50.00,1,-1,-1,-1
712,1,132.00,54.00,45.00,41.00,1,-1,-1,-1
712,2,239.00,94.00,44.00,41.00,1,-1,-1,-1
712,3,200.00,156.00,31.00,34.00,1,-1,-1,-1
712,4,123.00,127.00,47.00,45.00,1,-1,-1,-1
713,0,202.00,30.00,39.00,49.00,1,-1,-1,-1
713,1,131.00,55.00,46.00,41.00,1,-1,-1,-1
713,2,238.00,94.00,45.00,42.00,1,-1,-1,-1
713,3,200.00,155.00,32.00,35.00,1,-1,-1,-1
713,4,124.00,128.00,46.00,44.00,1,-1,-1,-1
714,0,201.00,30.00,40.00,49.00,1,-1,-1,-1
714,1,131.00,56.00,46.00,40.00,1,-1,-1,-1
714,2,238.00,93.00,45.00,43.00,1,-1,-1,-1
714,3,201.00,155.00,32.00,35.00,1,-1,-1,-1
714,4,125.00,129.00,46.00,44.00,1,-1,-1,-1
715,0,200.00,30.00,40.00,48.00,1,-1,-1,-1
715,1,131.00,56.00,46.00,40.00,1,-1,-1,-1
715,2,238.00,92.00,45.00,43.00,1,-1,-1,-1
715,3,202.00,155.00,32.00,36.00,1,-1,-1,-1
715,4,125.00,130.00,47.00,44.00,1,-1,-1,-1
716,0,200.00,30.00,39.00,48.00,1,-1,-1,-1
716,1,131.00,57.00,46.00,40.00,1,-1,-1,-1
716,2,238.00,91.00,44.00,44.00,1,-1,-1,-1
716,3,203.00,155.00,32.00,36.00,1,-1,-1,-1
716,4,126.00,130.00,46.00,45.00,1,-1,-1,-1
717,0,199.00,30.00,40.00,48.00,1,-1,-1,-1
717,1,131.00,57.00,45.00,40.00,1,-1,-1,-1
717,2,239.00,91.00,43.00,43.00,1,-1,-1,-1
717,3,203.00,155.00,34.00,37.00,1,-1,-1,-1
717,4,126.00,131.00,46.00,45.00,1,-1,-1,-1
718,0,198.00,29.00,41.00,49.00,1,-1,-1,-1
718,1,131.00,58.00,45.00,40.00,1,-1,-1,-1
718,2,239.00,90.00,44.00,44.00,1,-1,-1,-1
718,3,204.00,155.00,33.00,37.00,1,-1,-1,-1
718,4,126.00,132.00,47.00,45.00,1,-1,-1,-1
719,0,196.00,29.00,41.00,49.00,1,-1,-1,-1
719,1,130.00,58.00,45.00,41.00,1,-1,-1,-1
719,2,238.00,89.00,45.00,44.00,1,-1,-1,-1
719,3,205.00,154.00,32.00,36.00,1,-1,-1,-1
719,4,126.00,133.00,47.00,45.00,1,-1,-1,-1
720,0,196.00,28.00,40.00,50.00,1,-1,-1,-1
720,1,129.00,59.00,46.00,40.00,1,-1,-1,-1
720,2,238.00,89.00,44.00,44.00,1,-1,-1,-1
720,3,206.00,154.00,32.00,35.00,1,-1,-1,-1
720,4,127.00,132.00,47.00,47.00,1,-1,-1,-1
721,0,195.00,28.00,41.00,50.00,1,-1,-1,-1
721,1,128.00,59.00,46.00,40.00,1,-1,-1,-1
721,2,238.00,88.00,45.00,44.00,1,-1,-1,-1
721,3,207.00,154.00,32.00,36.00,1,-1,-1,-1
721,4,128.00,132.00,46.00,47.00,1,-1,-1,-1
722,0,195.00,28.00,40.00,50.00,1,-1,-1,-1
722,1,127.00,60.00,46.00,40.00,1,-1,-1,-1
722,2,239.00,87.00,44.00,44.00,1,-1,-1,-1
722,3,208.00,154.00,31.00,35.00,1,-1,-1,-1
722,4,129.00,133.00,46.00,47.00,1,-1,-1,-1
723,0,193.00,28.00,42.00,50.00,1,-1,-1,-1
723,1,126.00,61.00,47.00,39.00,1,-1,-1,-1
723,2,239.00,86.00,43.00,44.00,1,-1,-1,-1
723,3,208.00,154.00,33.00,35.00,1,-1,-1,-1
723,4,129.00,134.00,46.00,46.00,1,-1,-1,-1
724,0,193.00,29.00,40.00,48.00,1,-1,-1,-1
724,1,126.00,62.00,46.00,39.00,1,-1,-1,-1
724,2,239.00,85.00,43.00,44.00,1,-1,-1,-1
724,3,209.00,154.00,33.00,35.00,1,-1,-1,-1
724,4,130.00,135.00,46.00,45.00,1,-1,-1,-1
725,0,192.00,29.00,40.00,48.00,1,-1,-1,-1
725,1,126.00,62.00,46.00,39.00,1,-1,-1,-1
725,2,238.00,84.00,43.00,44.00,1,-1,-1,-1
725,3,210.00,154.00,34.00,36.00,1,-1,-1,-1
725,4,130.00,135.00,47.00,45.00,1,-1,-1,-1
726,0,191.00,29.00,40.00,48.00,1,-1,-1,-1
726,1,125.00,63.00,47.00,39.00,1,-1,-1,-1
726,2,238.00,84.00,43.00,42.00,1,-1,-1,-1
726,3,210.00,153.00,35.00,38.00,1,-1,-1,-1
726,4,131.00,135.00,46.00,46.00,1,-1,-1,-1
727,0,190.00,28.00,41.00,49.00,1,-1,-1,-1
727,1,123.00,63.00,49.00,40.00,1,-1,-1,-1
727,2,238.00,83.00,44.00,44.00,1,-1,-1,-1
727,3,211.00,153.00,35.00,37.00,1,-1,-1,-1
727,4,132.00,136.00,46.00,46.00,1,-1,-1,-1
728,0,189.00,28.00,41.00,49.00,1,-1,-1,-1
728,1,123.00,64.00,48.00,39.00,1,-1,-1,-1
728,2,238.00,83.00,43.00,44.00,1,-1,-1,-1
728,3,211.00,152.00,35.00,37.00,1,-1,-1,-1
728,4,132.00,137.00,46.00,45.00,1,-1,-1,-1
729,0,189.00,28.00,40.00,48.00,1,-1,-1,-1
729,1,123.00,64.00,48.00,40.00,1,-1,-1,-1
729,2,238.00,82.00,43.00,44.00,1,-1,-1,-1
729,3,212.00,152.00,36.00,37.00,1,-1,-1,-1
729,4,133.00,137.00,45.00,46.00,1,-1,-1,-1
730,0,188.00,28.00,40.00,47.00,1,-1,-1,-1
730,1,123.00,65.00,48.00,39.00,1,-1,-1,-1
730,2,238.00,82.00,42.00,43.00,1,-1,-1,-1
730,3,212.00,151.00,37.00,38.00,1,-1,-1,-1
730,4,133.00,138.00,45.00,46.00,1,-1,-1,-1
731,0,187.00,28.00,40.00,47.00,1,-1,-1,-1
731,1,123.00,65.00,47.00,40.00,1,-1,-1,-1
731,2,238.00,81.00,42.00,43.00,1,-1,-1,-1
731,3,213.00,150.00,38.00,39.00,1,-1,-1,-1
731,4,134.00,139.00,44.00,45.00,1,-1,-1,-1
732,0,186.00,28.00,41.00,47.00,1,-1,-1,-1
732,1,123.00,66.00,46.00,39.00,1,-1,-1,-1
732,2,237.00,80.00,43.00,43.00,1,-1,-1,-1
732,3,213.00,150.00,39.00,39.00,1,-1,-1,-1
732,4,135.00,139.00,44.00,46.00,1,-1,-1,-1
733,0,185.00,28.00,41.00,48.00,1,-1,-1,-1
733,1,122.00,67.00,47.00,39.00,1,-1,-1,-1
733,2,237.00,79.00,42.00,43.00,1,-1,-1,-1
733,3,214.00,149.00,39.00,39.00,1,-1,-1,-1
733,4,136.00,140.00,44.00,46.00,1,-1,-1,-1
734,0,184.00,28.00,41.00,49.00,1,-1,-1,-1
734,1,121.00,67.00,48.00,40.00,1,-1,-1,-1
734,2,237.00,79.00,42.00,42.00,1,-1,-1,-1
734,3,214.00,149.00,38.00,37.00,1,-1,-1,-1
734,4,136.00,140.00,44.00,46.00,1,-1,-1,-1
735,0,183.00,28.00,42.00,49.00,1,-1,-1,-1
735,1,121.00,68.00,48.00,40.00,1,-1,-1,-1
735,2,237.00,78.00,42.00,43.00,1,-1,-1,-1
735,3,215.00,149.00,37.00,37.00,1,-1,-1,-1
735,4,137.00,141.00,43.00,46.00,1,-1,-1,-1
736,0,183.00,28.00,42.00,49.00,1,-1,-1,-1
736,1,120.00,69.00,48.00,39.00,1,-1,-1,-1
736,2,237.00,77.00,41.00,43.00,1,-1,-1,-1
736,3,216.00,149.00,37.00,37.00,1,-1,-1,-1
736,4,137.00,142.00,43.00,46.00,1,-1,-1,-1
737,0,182.00,28.00,43.00,49.00,1,-1,-1,-1
737,1,120.00,70.00,48.00,39.00,1,-1,-1,-1
737,2,237.00,77.00,41.00,43.00,1,-1,-1,-1
737,3,217.00,149.00,38.00,38.00,1,-1,-1,-1
737,4,138.00,142.00,43.00,47.00,1,-1,-1,-1
738,0,182.00,28.00,42.00,49.00,1,-1,-1,-1
738,1,121.00,71.00,47.00,38.00,1,-1,-1,-1
738,2,237.00,76.00,41.00,44.00,1,-1,-1,-1
738,3,217.00,148.00,39.00,39.00,1,-1,-1,-1
738,4,138.00,142.00,43.00,47.00,1,-1,-1,-1
739,0,181.00,29.00,42.00,47.00,1,-1,-1,-1
739,1,120.00,71.00,48.00,39.00,1,-1,-1,-1
739,2,237.00,75.00,41.00,44.00,1,-1,-1,-1
739,3,217.00,148.00,40.00,39.00,1,-1,-1,-1
739,4,140.00,142.00,42.00,47.00,1,-1,-1,-1
740,0,181.00,28.00,41.00,48.00,1,-1,-1,-1
740,1,120.00,72.00,48.00,38.00,1,-1,-1,-1
740,2,237.00,75.00,40.00,44.00,1,-1,-1,-1
740,3,218.00,148.00,40.00,40.00,1,-1,-1,-1
740,4,141.00,143.00,43.00,47.00,1,-1,-1,-1
741,0,180.00,28.00,41.00,48.00,1,-1,-1,-1
741,1,120.00,73.00,47.00,37.00,1,-1,-1,-1
741,2,237.00,74.00,40.00,44.00,1,-1,-1,-1
741,3,219.00,148.00,40.00,39.00,1,-1,-1,-1
741,4,141.00,143.00,44.00,46.00,1,-1,-1,-1
742,0,179.00,28.00,41.00,48.00,1,-1,-1,-1
742,1,119.00,74.00,48.00,37.00,1,-1,-1,-1
742,2,236.00,73.00,41.00,44.00,1,-1,-1,-1
742,3,219.00,146.00,41.00,40.00,1,-1,-1,-1
742,4,142.00,143.00,43.00,47.00,1,-1,-1,-1
743,0,178.00,28.00,41.00,47.00,1,-1,-1,-1
743,1,119.00,74.00,47.00,38.00,1,-1,-1,-1
743,2,236.00,72.00,41.00,44.00,1,-1,-1,-1
743,3,220.00,146.00,40.00,39.00,1,-1,-1,-1
743,4,143.00,143.00,43.00,48.00,1,-1,-1,-1
744,0,177.00,28.00,41.00,48.00,1,-1,-1,-1
744,1,119.00,75.00,47.00,37.00,1,-1,-1,-1
744,2,235.00,71.00,43.00,44.00,1,-1,-1,-1
744,3,220.00,145.00,41.00,40.00,1,-1,-1,-1
744,4,144.00,144.00,43.00,48.00,1,-1,-1,-1
745,0,176.00,28.00,41.00,48.00,1,-1,-1,-1
745,1,119.00,76.00,47.00,37.00,1,-1,-1,-1
745,2,235.00,70.00,43.00,45.00,1,-1,-1,-1
745,3,220.00,144.00,42.00,40.00,1,-1,-1,-1
745,4,144.00,145.00,43.00,48.00,1,-1,-1,-1
746,0,175.00,28.00,42.00,48.00,1,-1,-1,-1
746,1,119.00,76.00,46.00,38.00,1,-1,-1,-1
746,2,235.00,70.00,42.00,44.00,1,-1,-1,-1
746,3,220.00,144.00,42.00,40.00,1,-1,-1,-1
746,4,145.00,146.00,43.00,47.00,1,-1,-1,-1
747,0,174.00,28.00,43.00,48.00,1,-1,-1,-1
747,1,118.00,77.00,47.00,38.00,1,-1,-1,-1
747,2,235.00,69.00,42.00,44.00,1,-1,-1,-1
747,3,221.00,143.00,41.00,40.00,1,-1,-1,-1
747,4,146.00,146.00,42.00,47.00,1,-1,-1,-1
748,0,173.00,29.00,43.00,48.00,1,-1,-1,-1
748,1,118.00,78.00,47.00,38.00,1,-1,-1,-1
748,2,234.00,69.00,42.00,43.00,1,-1,-1,-1
748,3,221.00,143.00,42.00,39.00,1,-1,-1,-1
748,4,146.00,147.00,43.00,46.00,1,-1,-1,-1
749,0,172.00,29.00,43.00,48.00,1,-1,-1,-1
749,1,117.00,78.00,48.00,39.00,1,-1,-1,-1
749,2,234.00,68.00,42.00,44.00,1,-1,-1,-1
749,3,222.00,142.00,41.00,39.00,1,-1,-1,-1
749,4,147.00,147.00,42.00,46.00,1,-1,-1,-1
750,0,171.00,29.00,45.00,48.00,1,-1,-1,-1
750,1,116.00,79.00,49.00,39.00,1,-1,-1,-1
750,2,234.00,68.00,41.00,43.00,1,-1,-1,-1
750,3,223.00,142.00,40.00,38.00,1,-1,-1,-1
750,4,148.00,147.00,42.00,46.00,1,-1,-1,-1
751,0,170.00,29.00,45.00,49.00,1,-1,-1,-1
751,1,115.00,80.00,50.00,40.00,1,-1,-1,-1
751,2,234.00,67.00,40.00,44.00,1,-1,-1,-1
751,3,223.00,141.00,41.00,39.00,1,-1,-1,-1
751,4,149.00,147.00,41.00,47.00,1,-1,-1,-1
752,0,170.00,29.00,45.00,49.00,1,-1,-1,-1
752,1,116.00,80.00,49.00,40.00,1,-1,-1,-1
752,2,233.00,66.00,41.00,44.00,1,-1,-1,-1
752,3,224.00,141.00,41.00,38.00,1,-1,-1,-1
752,4,149.00,147.00,42.00,48.00,1,-1,-1,-1
753,0,169.00,29.00,45.00,49.00,1,-1,-1,-1
753,1,116.00,81.00,49.00,40.00,1,-1,-1,-1
753,2,232.00,66.00,41.00,43.00,1,-1,-1,-1
753,3,225.00,141.00,41.00,37.00,1,-1,-1,-1
753,4,150.00,147.00,41.00,48.00,1,-1,-1,-1
754,0,168.00,29.00,46.00,50.00,1,-1,-1,-1
754,1,116.00,82.00,49.00,39.00,1,-1,-1,-1
754,2,232.00,65.00,41.00,44.00,1,-1,-1,-1
754,3,226.00,141.00,41.00,37.00,1,-1,-1,-1
754,4,151.00,148.00,42.00,46.00,1,-1,-1,-1
755,0,167.00,29.00,46.00,50.00,1,-1,-1,-1
755,1,116.00,83.00,48.00,38.00,1,-1,-1,-1
755,2,231.00,64.00,42.00,45.00,1,-1,-1,-1
755,3,226.00,140.00,42.00,38.00,1,-1,-1,-1
755,4,152.00,149.00,42.00,45.00,1,-1,-1,-1
756,0,166.00,29.00,46.00,50.00,1,-1,-1,-1
756,1,117.00,83.00,47.00,39.00,1,-1,-1,-1
756,2,231.00,64.00,41.00,45.00,1,-1,-1,-1
756,3,227.00,140.00,43.00,38.00,1,-1,-1,-1
756,4,152.00,149.00,43.00,45.00,1,-1,-1,-1
757,0,166.00,30.00,44.00,50.00,1,-1,-1,-1
757,1,117.00,84.00,47.00,39.00,1,-1,-1,-1
757,2,231.00,63.00,41.00,45.00,1,-1,-1,-1
757,3,227.00,139.00,44.00,38.00,1,-1,-1,-1
757,4,153.00,150.00,43.00,45.00,1,-1,-1,-1
758,0,165.00,30.00,43.00,48.00,1,-1,-1,-1
758,1,117.00,85.00,47.00,38.00,1,-1,-1,-1
758,2,231.00,62.00,41.00,45.00,1,-1,-1,-1
758,3,227.00,138.00,44.00,38.00,1,-1,-1,-1
758,4,154.00,150.00,42.00,46.00,1,-1,-1,-1
759,0,164.00,30.00,43.00,48.00,1,-1,-1,-1
759,1,117.00,85.00,46.00,39.00,1,-1,-1,-1
759,2,230.00,62.00,41.00,44.00,1,-1,-1,-1
759,3,227.00,137.00,45.00,39.00,1,-1,-1,-1
759,4,155.00,150.00,41.00,46.00,1,-1,-1,-1
760,0,163.00,30.00,44.00,48.00,1,-1,-1,-1
760,1,117.00,86.00,47.00,38.00,1,-1,-1,-1
760,2,230.00,61.00,42.00,45.00,1,-1,-1,-1
760,3,228.00,137.00,44.00,38.00,1,-1,-1,-1
760,4,155.00,151.00,42.00,46.00,1,-1,-1,-1
761,0,162.00,31.00,45.00,48.00,1,-1,-1,-1
761,1,116.00,87.00,48.00,38.00,1,-1,-1,-1
761,2,230.00,61.00,41.00,44.00,1,-1,-1,-1
761,3,228.00,136.00,45.00,38.00,1,-1,-1,-1
761,4,156.00,151.00,41.00,46.00,1,-1,-1,-1
762,0,161.00,30.00,45.00,49.00,1,-1,-1,-1
762,1,117.00,88.00,46.00,38.00,1,-1,-1,-1
762,2,230.00,60.00,41.00,44.00,1,-1,-1,-1
762,3,228.00,136.00,46.00,38.00,1,-1,-1,-1
762,4,157.00,151.00,41.00,47.00,1,-1,-1,-1
763,0,160.00,31.00,46.00,47.00,1,-1,-1,-1
763,1,116.00,89.00,47.00,38.00,1,-1,-1,-1
763,2,230.00,60.00,40.00,43.00,1,-1,-1,-1
763,3,229.00,135.00,45.00,38.00,1,-1,-1,-1
763,4,157.00,151.00,41.00,47.00,1,-1,-1,-1
764,0,159.00,31.00,46.00,48.00,1,-1,-1,-1
764,1,117.00,90.00,46.00,37.00,1,-1,-1,-1
764,2,229.00,59.00,41.00,44.00,1,-1,-1,-1
764,3,230.00,135.00,44.00,37.00,1,-1,-1,-1
764,4,158.00,151.00,42.00,47.00,1,-1,-1,-1
765,0,158.00,31.00,46.00,48.00,1,-1,-1,-1
765,1,116.00,90.00,47.00,38.00,1,-1,-1,-1
765,2,229.00,59.00,40.00,43.00,1,-1,-1,-1
765,3,232.00,135.00,43.00,37.00,1,-1,-1,-1
765,4,159.00,151.00,42.00,47.00,1,-1,-1,-1
766,0,158.00,31.00,45.00,48.00,1,-1,-1,-1
766,1,115.00,90.00,48.00,40.00,1,-1,-1,-1
766,2,229.00,58.00,39.00,43.00,1,-1,-1,-1
766,3,233.00,135.00,42.00,36.00,1,-1,-1,-1
766,4,160.00,152.00,42.00,47.00,1,-1,-1,-1
767,0,157.00,32.00,46.00,47.00,1,-1,-1,-1
767,1,114.00,91.00,49.00,40.00,1,-1,-1,-1
767,2,228.00,57.00,40.00,43.00,1,-1,-1,-1
767,3,233.00,134.00,41.00,35.00,1,-1,-1,-1
767,4,161.00,152.00,42.00,47.00,1,-1,-1,-1
768,0,157.00,32.00,45.00,47.00,1,-1,-1,-1
768,1,114.00,92.00,48.00,41.00,1,-1,-1,-1
768,2,227.00,56.00,40.00,44.00,1,-1,-1,-1
768,3,233.00,133.00,42.00,35.00,1,-1,-1,-1
768,4,162.00,152.00,42.00,47.00,1,-1,-1,-1
769,0,156.00,32.00,46.00,47.00,1,-1,-1,-1
769,1,114.00,93.00,48.00,40.00,1,-1,-1,-1
769,2,227.00,55.00,40.00,44.00,1,-1,-1,-1
769,3,233.00,132.00,42.00,36.00,1,-1,-1,-1
769,4,163.00,153.00,41.00,46.00,1,-1,-1,-1
770,0,155.00,33.00,46.00,48.00,1,-1,-1,-1
770,1,114.00,93.00,48.00,41.00,1,-1,-1,-1
770,2,226.00,54.00,41.00,45.00,1,-1,-1,-1
770,3,233.00,132.00,44.00,36.00,1,-1,-1,-1
770,4,163.00,153.00,41.00,46.00,1,-1,-1,-1
771,0,154.00,33.00,47.00,48.00,1,-1,-1,-1
771,1,115.00,94.00,47.00,40.00,1,-1,-1,-1
771,2,226.00,53.00,41.00,45.00,1,-1,-1,-1
771,3,234.00,131.00,43.00,36.00,1,-1,-1,-1
771,4,164.00,153.00,41.00,47.00,1,-1,-1,-1
772,0,153.00,33.00,48.00,49.00,1,-1,-1,-1
772,1,115.00,95.00,47.00,39.00,1,-1,-1,-1
772,2,225.00,53.00,41.00,45.00,1,-1,-1,-1
772,3,234.00,131.00,43.00,35.00,1,-1,-1,-1
772,4,165.00,153.00,41.00,46.00,1,-1,-1,-1
773,0,153.00,34.00,47.00,48.00,1,-1,-1,-1
773,1,115.00,95.00,47.00,40.00,1,-1,-1,-1
773,2,225.00,53.00,41.00,44.00,1,-1,-1,-1
773,3,234.00,130.00,45.00,36.00,1,-1,-1,-1
773,4,166.00,153.00,40.00,46.00,1,-1,-1,-1
774,0,153.00,35.00,47.00,48.00,1,-1,-1,-1
774,1,115.00,96.00,47.00,41.00,1,-1,-1,-1
774,2,224.00,52.00,41.00,45.00,1,-1,-1,-1
774,3,234.00,129.00,46.00,37.00,1,-1,-1,-1
774,4,167.00,154.00,39.00,45.00,1,-1,-1,-1
775,0,151.00,35.00,48.00,48.00,1,-1,-1,-1
775,1,116.00,97.00,46.00,40.00,1,-1,-1,-1
775,2,224.00,52.00,41.00,44.00,1,-1,-1,-1
775,3,235.00,129.00,45.00,36.00,1,-1,-1,-1
775,4,168.00,154.00,38.00,46.00,1,-1,-1,-1
776,0,150.00,35.00,48.00,49.00,1,-1,-1,-1
776,1,116.00,98.00,46.00,39.00,1,-1,-1,-1
776,2,224.00,52.00,40.00,44.00,1,-1,-1,-1
776,3,235.00,128.00,45.00,37.00,1,-1,-1,-1
776,4,168.00,154.00,39.00,46.00,1,-1,-1,-1
777,0,149.00,35.00,49.00,49.00,1,-1,-1,-1
777,1,115.00,98.00,47.00,40.00,1,-1,-1,-1
777,2,223.00,52.00,40.00,43.00,1,-1,-1,-1
777,3,236.00,128.00,44.00,35.00,1,-1,-1,-1
777,4,169.00,153.00,40.00,48.00,1,-1,-1,-1
778,0,148.00,36.00,49.00,47.00,1,-1,-1,-1
778,1,115.00,99.00,47.00,40.00,1,-1,-1,-1
778,2,222.00,52.00,40.00,42.00,1,-1,-1,-1
778,3,236.00,127.00,43.00,35.00,1,-1,-1,-1
778,4,170.00,154.00,40.00,47.00,1,-1,-1,-1
779,0,148.00,36.00,48.00,47.00,1,-1,-1,-1
779,1,115.00,100.00,47.00,39.00,1,-1,-1,-1
779,2,222.00,51.00,39.00,43.00,1,-1,-1,-1
779,3,237.00,127.00,43.00,35.00,1,-1,-1,-1
779,4,171.00,154.00,40.00,47.00,1,-1,-1,-1
780,0,147.00,36.00,49.00,47.00,1,-1,-1,-1
780,1,115.00,101.00,47.00,39.00,1,-1,-1,-1
780,2,222.00,51.00,39.00,42.00,1,-1,-1,-1
780,3,237.00,126.00,44.00,35.00,1,-1,-1,-1
780,4,172.00,154.00,40.00,47.00,1,-1,-1,-1
781,0,147.00,37.00,48.00,46.00,1,-1,-1,-1
781,1,115.00,101.00,47.00,41.00,1,-1,-1,-1
781,2,221.00,50.00,39.00,42.00,1,-1,-1,-1
781,3,237.00,125.00,44.00,35.00,1,-1,-1,-1
781,4,173.00,154.00,40.00,47.00,1,-1,-1,-1
782,0,146.00,38.00,48.00,46.00,1,-1,-1,-1
782,1,115.00,102.00,47.00,41.00,1,-1,-1,-1
782,2,221.00,50.00,38.00,42.00,1,-1,-1,-1
782,3,238.00,124.00,44.00,36.00,1,-1,-1,-1
782,4,174.00,154.00,39.00,47.00,1,-1,-1,-1
783,0,146.00,38.00,47.00,47.00,1,-1,-1,-1
783,1,115.00,103.00,48.00,41.00,1,-1,-1,-1
783,2,221.00,50.00,38.00,42.00,1,-1,-1,-1
783,3,238.00,123.00,44.00,36.00,1,-1,-1,-1
783,4,174.00,154.00,40.00,46.00,1,-1,-1,-1
784,0,145.00,38.00,48.00,47.00,1,-1,-1,-1
784,1,116.00,103.00,47.00,41.00,1,-1,-1,-1
784,2,220.00,48.00,39.00,44.00,1,-1,-1,-1
784,3,238.00,123.00,44.00,35.00,1,-1,-1,-1
784,4,174.00,154.00,41.00,47.00,1,-1,-1,-1
785,0,144.00,38.00,48.00,47.00,1,-1,-1,-1
785,1,116.00,103.00,47.00,42.00,1,-1,-1,-1
785,2,220.00,48.00,39.00,44.00,1,-1,-1,-1
785,3,238.00,122.00,45.00,35.00,1,-1,-1,-1
785,4,175.00,154.00,40.00,47.00,1,-1,-1,-1
786,0,143.00,39.00,49.00,46.00,1,-1,-1,-1
786,1,117.00,104.00,46.00,42.00,1,-1,-1,-1
786,2,219.00,47.00,39.00,45.00,1,-1,-1,-1
786,3,238.00,121.00,45.00,35.00,1,-1,-1,-1
786,4,175.00,154.00,41.00,47.00,1,-1,-1,-1
787,0,143.00,39.00,48.00,46.00,1,-1,-1,-1
787,1,117.00,105.00,46.00,41.00,1,-1,-1,-1
787,2,219.00,47.00,38.00,44.00,1,-1,-1,-1
787,3,239.00,121.00,45.00,34.00,1,-1,-1,-1
787,4,176.00,154.00,41.00,47.00,1,-1,-1,-1
788,0,142.00,39.00,49.00,46.00,1,-1,-1,-1
788,1,118.00,105.00,45.00,42.00,1,-1,-1,-1
788,2,218.00,47.00,39.00,43.00,1,-1,-1,-1
788,3,240.00,120.00,44.00,34.00,1,-1,-1,-1
788,4,177.00,154.00,40.00,47.00,1,-1,-1,-1
789,0,141.00,40.00,49.00,45.00,1,-1,-1,-1
789,1,118.00,106.00,45.00,41.00,1,-1,-1,-1
789,2,218.00,46.00,38.00,43.00,1,-1,-1,-1
789,3,240.00,120.00,45.00,33.00,1,-1,-1,-1
789,4,178.00,154.00,41.00,47.00,1,-1,-1,-1
790,0,141.00,41.00,48.00,44.00,1,-1,-1,-1
790,1,117.00,107.00,46.00,41.00,1,-1,-1,-1
790,2,217.00,46.00,38.00,43.00,1,-1,-1,-1
790,3,241.00,119.00,44.00,33.00,1,-1,-1,-1
790,4,179.00,154.00,40.00,46.00,1,-1,-1,-1
791,0,140.00,42.00,48.00,44.00,1,-1,-1,-1
791,1,117.00,108.00,46.00,41.00,1,-1,-1,-1
791,2,217.00,45.00,38.00,44.00,1,-1,-1,-1
791,3,241.00,118.00,45.00,34.00,1,-1,-1,-1
791,4,180.00,154.00,39.00,46.00,1,-1,-1,-1
792,0,139.00,42.00,49.00,45.00,1,-1,-1,-1
792,1,117.00,109.00,46.00,40.00,1,-1,-1,-1
792,2,216.00,45.00,39.00,43.00,1,-1,-1,-1
792,3,241.00,117.00,44.00,34.00,1,-1,-1,-1
792,4,181.00,154.00,39.00,45.00,1,-1,-1,-1
793,0,138.00,43.00,49.00,44.00,1,-1,-1,-1
793,1,118.00,109.00,46.00,42.00,1,-1,-1,-1
793,2,215.00,45.00,39.00,42.00,1,-1,-1,-1
793,3,241.00,117.00,44.00,34.00,1,-1,-1,-1
793,4,181.00,154.00,40.00,45.00,1,-1,-1,-1
794,0,138.00,43.00,48.00,43.00,1,-1,-1,-1
794,1,117.00,110.00,47.00,41.00,1,-1,-1,-1
794,2,215.00,44.00,38.00,43.00,1,-1,-1,-1
794,3,241.00,116.00,43.00,34.00,1,-1,-1,-1
794,4,182.00,154.00,40.00,45.00,1,-1,-1,-1
795,0,137.00,43.00,48.00,44.00,1,-1,-1,-1
795,1,118.00,111.00,46.00,41.00,1,-1,-1,-1
795,2,214.00,44.00,39.00,42.00,1,-1,-1,-1
795,3,241.00,115.00,42.00,34.00,1,-1,-1,-1
795,4,183.00,154.00,40.00,45.00,1,-1,-1,-1
796,0,136.00,44.00,49.00,43.00,1,-1,-1,-1
796,1,118.00,112.00,46.00,41.00,1,-1,-1,-1
796,2,214.00,43.00,38.00,43.00,1,-1,-1,-1
796,3,241.00,115.00,43.00,34.00,1,-1,-1,-1
796,4,184.00,154.00,40.00,45.00,1,-1,-1,-1
797,0,136.00,44.00,48.00,43.00,1,-1,-1,-1
797,1,118.00,113.00,46.00,41.00,1,-1,-1,-1
797,2,214.00,43.00,37.00,42.00,1,-1,-1,-1
797,3,242.00,114.00,42.00,34.00,1,-1,-1,-1
797,4,186.00,154.00,38.00,46.00,1,-1,-1,-1
798,0,135.00,45.00,48.00,42.00,1,-1,-1,-1
798,1,119.00,113.00,46.00,42.00,1,-1,-1,-1
798,2,213.00,42.00,38.00,43.00,1,-1,-1,-1
798,3,242.00,113.00,42.00,34.00,1,-1,-1,-1
798,4,187.00,155.00,38.00,45.00,1,-1,-1,-1
799,0,135.00,46.00,48.00,41.00,1,-1,-1,-1
799,1,119.00,114.00,46.00,42.00,1,-1,-1,-1
799,2,212.00,42.00,38.00,43.00,1,-1,-1,-1
799,3,242.00,112.00,43.00,34.00,1,-1,-1,-1
799,4,187.00,155.00,38.00,45.00,1,-1,-1,-1
800,0,134.00,46.00,48.00,42.00,1,-1,-1,-1
800,1,119.00,114.00,46.00,42.00,1,-1,-1,-1
800,2,212.00,41.00,37.00,43.00,1,-1,-1,-1
800,3,242.00,112.00,43.00,33.00,1,-1,-1,-1
800,4,188.00,155.00,38.00,45.00,1,-1,-1,-1
801,0,134.00,47.00,48.00,42.00,1,-1,-1,-1
801,1,120.00,115.00,45.00,42.00,1,-1,-1,-1
801,2,211.00,42.00,37.00,42.00,1,-1,-1,-1
801,3,242.00,111.00,43.00,33.00,1,-1,-1,-1
801,4,188.00,155.00,40.00,46.00,1,-1,-1,-1
802,0,133.00,47.00,48.00,42.00,1,-1,-1,-1
802,1,121.00,115.00,44.00,41.00,1,-1,-1,-1
802,2,210.00,41.00,37.00,42.00,1,-1,-1,-1
802,3,243.00,110.00,44.00,34.00,1,-1,-1,-1
802,4,188.00,154.00,42.00,47.00,1,-1,-1,-1
803,0,132.00,48.00,49.00,42.00,1,-1,-1,-1
803,1,121.00,116.00,45.00,41.00,1,-1,-1,-1
803,2,209.00,41.00,38.00,42.00,1,-1,-1,-1
803,3,242.00,109.00,46.00,34.00,1,-1,-1,-1
803,4,189.00,154.00,42.00,47.00,1,-1,-1,-1
804,0,131.00,49.00,49.00,41.00,1,-1,-1,-1
804,1,122.00,116.00,44.00,41.00,1,-1,-1,-1
804,2,209.00,41.00,38.00,42.00,1,-1,-1,-1
804,3,243.00,109.00,44.00,33.00,1,-1,-1,-1
804,4,190.00,154.00,42.00,46.00,1,-1,-1,-1
805,0,131.00,49.00,49.00,42.00,1,-1,-1,-1
805,1,122.00,117.00,44.00,41.00,1,-1,-1,-1
805,2,208.00,40.00,38.00,43.00,1,-1,-1,-1
805,3,243.00,109.00,44.00,32.00,1,-1,-1,-1
805,4,191.00,155.00,41.00,44.00,1,-1,-1,-1
806,0,131.00,50.00,49.00,42.00,1,-1,-1,-1
806,1,123.00,118.00,43.00,41.00,1,-1,-1,-1
806,2,208.00,40.00,38.00,43.00,1,-1,-1,-1
806,3,243.00,108.00,44.00,32.00,1,-1,-1,-1
806,4,191.00,154.00,41.00,45.00,1,-1,-1,-1
807,0,130.00,50.00,50.00,43.00,1,-1,-1,-1
807,1,124.00,118.00,43.00,43.00,1,-1,-1,-1
807,2,207.00,40.00,38.00,42.00,1,-1,-1,-1
807,3,243.00,107.00,44.00,32.00,1,-1,-1,-1
807,4,193.00,154.00,39.00,44.00,1,-1,-1,-1
808,0,129.00,51.00,50.00,43.00,1,-1,-1,-1
808,1,125.00,119.00,42.00,43.00,1,-1,-1,-1
808,2,207.00,40.00,38.00,42.00,1,-1,-1,-1
808,3,243.00,107.00,43.00,31.00,1,-1,-1,-1
808,4,194.00,154.00,40.00,44.00,1,-1,-1,-1
809,0,128.00,51.00,51.00,44.00,1,-1,-1,-1
809,1,125.00,119.00,43.00,44.00,1,-1,-1,-1
809,2,206.00,39.00,38.00,43.00,1,-1,-1,-1
809,3,243.00,106.00,43.00,32.00,1,-1,-1,-1
809,4,194.00,153.00,41.00,46.00,1,-1,-1,-1
810,0,128.00,52.00,50.00,42.00,1,-1,-1,-1
810,1,124.00,120.00,44.00,44.00,1,-1,-1,-1
810,2,205.00,38.00,39.00,44.00,1,-1,-1,-1
810,3,243.00,105.00,44.00,33.00,1,-1,-1,-1
810,4,194.00,153.00,43.00,46.00,1,-1,-1,-1
811,0,127.00,52.00,50.00,42.00,1,-1,-1,-1
811,1,124.00,121.00,44.00,44.00,1,-1,-1,-1
811,2,204.00,38.00,39.00,43.00,1,-1,-1,-1
811,3,243.00,103.00,45.00,35.00,1,-1,-1,-1
811,4,194.00,153.00,43.00,45.00,1,-1,-1,-1
812,0,127.00,53.00,50.00,42.00,1,-1,-1,-1
812,1,124.00,122.00,44.00,43.00,1,-1,-1,-1
812,2,204.00,38.00,38.00,42.00,1,-1,-1,-1
812,3,243.00,102.00,46.00,35.00,1,-1,-1,-1
812,4,195.00,153.00,43.00,45.00,1,-1,-1,-1
813,0,126.00,54.00,50.00,42.00,1,-1,-1,-1
813,1,125.00,122.00,43.00,43.00,1,-1,-1,-1
813,2,203.00,37.00,37.00,43.00,1,-1,-1,-1
813,3,243.00,102.00,46.00,35.00,1,-1,-1,-1
813,4,197.00,153.00,40.00,45.00,1,-1,-1,-1
814,0,126.00,54.00,50.00,43.00,1,-1,-1,-1
814,1,125.00,123.00,43.00,43.00,1,-1,-1,-1
814,2,202.00,37.00,37.00,43.00,1,-1,-1,-1
814,3,244.00,101.00,43.00,34.00,1,-1,-1,-1
814,4,198.00,152.00,41.00,46.00,1,-1,-1,-1
815,0,125.00,55.00,50.00,43.00,1,-1,-1,-1
815,1,126.00,124.00,42.00,42.00,1,-1,-1,-1
815,2,201.00,36.00,37.00,43.00,1,-1,-1,-1
815,3,244.00,101.00,42.00,33.00,1,-1,-1,-1
815,4,199.00,152.00,40.00,46.00,1,-1,-1,-1
816,0,125.00,55.00,50.00,43.00,1,-1,-1,-1
816,1,127.00,124.00,42.00,42.00,1,-1,-1,-1
816,2,201.00,36.00,37.00,44.00,1,-1,-1,-1
816,3,244.00,100.00,42.00,34.00,1,-1,-1,-1
816,4,200.00,152.00,40.00,46.00,1,-1,-1,-1
817,0,124.00,56.00,51.00,42.00,1,-1,-1,-1
817,1,128.00,125.00,41.00,41.00,1,-1,-1,-1
817,2,200.00,35.00,38.00,45.00,1,-1,-1,-1
817,3,244.00,100.00,42.00,33.00,1,-1,-1,-1
817,4,200.00,152.00,41.00,45.00,1,-1,-1,-1
818,0,123.00,57.00,51.00,41.00,1,-1,-1,-1
818,1,128.00,125.00,42.00,42.00,1,-1,-1,-1
818,2,199.00,35.00,39.00,45.00,1,-1,-1,-1
818,3,245.00,99.00,41.00,33.00,1,-1,-1,-1
818,4,200.00,151.00,42.00,46.00,1,-1,-1,-1
819,0,123.00,57.00,51.00,41.00,1,-1,-1,-1
819,1,129.00,126.00,41.00,42.00,1,-1,-1,-1
819,2,198.00,35.00,39.00,46.00,1,-1,-1,-1
819,3,244.00,98.00,43.00,33.00,1,-1,-1,-1
819,4,200.00,151.00,42.00,45.00,1,-1,-1,-1
820,0,123.00,58.00,51.00,40.00,1,-1,-1,-1
820,1,129.00,126.00,41.00,42.00,1,-1,-1,-1
820,2,197.00,34.00,39.00,46.00,1,-1,-1,-1
820,3,244.00,97.00,43.00,33.00,1,-1,-1,-1
820,4,201.00,151.00,42.00,45.00,1,-1,-1,-1
821,0,122.00,59.00,52.00,40.00,1,-1,-1,-1
821,1,129.00,127.00,42.00,42.00,1,-1,-1,-1
821,2,197.00,34.00,39.00,46.00,1,-1,-1,-1
821,3,244.00,96.00,43.00,33.00,1,-1,-1,-1
821,4,202.00,151.00,42.00,45.00,1,-1,-1,-1
822,0,122.00,60.00,52.00,39.00,1,-1,-1,-1
822,1,130.00,127.00,41.00,44.00,1,-1,-1,-1
822,2,196.00,34.00,39.00,45.00,1,-1,-1,-1
822,3,244.00,95.00,43.00,33.00,1,-1,-1,-1
822,4,203.00,150.00,42.00,45.00,1,-1,-1,-1
823,0,121.00,60.00,52.00,40.00,1,-1,-1,-1
823,1,129.00,128.00,42.00,44.00,1,-1,-1,-1
823,2,195.00,35.00,39.00,44.00,1,-1,-1,-1
823,3,244.00,93.00,44.00,35.00,1,-1,-1,-1
823,4,204.00,150.00,43.00,46.00,1,-1,-1,-1
824,0,121.00,61.00,51.00,39.00,1,-1,-1,-1
824,1,129.00,129.00,43.00,45.00,1,-1,-1,-1
824,2,195.00,36.00,38.00,43.00,1,-1,-1,-1
824,3,244.00,92.00,44.00,35.00,1,-1,-1,-1
824,4,204.00,149.00,44.00,47.00,1,-1,-1,-1
825,0,120.00,62.00,51.00,39.00,1,-1,-1,-1
825,1,130.00,130.00,43.00,45.00,1,-1,-1,-1
825,2,194.00,36.00,39.00,43.00,1,-1,-1,-1
825,3,243.00,91.00,45.00,36.00,1,-1,-1,-1
825,4,205.00,149.00,43.00,47.00,1,-1,-1,-1
826,0,120.00,63.00,51.00,39.00,1,-1,-1,-1
826,1,131.00,131.00,42.00,44.00,1,-1,-1,-1
826,2,193.00,35.00,39.00,43.00,1,-1,-1,-1
826,3,243.00,90.00,44.00,37.00,1,-1,-1,-1
826,4,206.00,148.00,43.00,47.00,1,-1,-1,-1
827,0,120.00,64.00,51.00,39.00,1,-1,-1,-1
827,1,131.00,132.00,42.00,45.00,1,-1,-1,-1
827,2,193.00,36.00,38.00,42.00,1,-1,-1,-1
827,3,243.00,89.00,44.00,38.00,1,-1,-1,-1
827,4,207.00,148.00,42.00,47.00,1,-1,-1,-1
828,0,119.00,64.00,52.00,40.00,1,-1,-1,-1
828,1,132.00,132.00,41.00,45.00,1,-1,-1,-1
828,2,192.00,35.00,39.00,43.00,1,-1,-1,-1
828,3,244.00,89.00,43.00,36.00,1,-1,-1,-1
828,4,208.00,148.00,41.00,46.00,1,-1,-1,-1
829,0,119.00,65.00,51.00,39.00,1,-1,-1,-1
829,1,133.00,132.00,42.00,45.00,1,-1,-1,-1
829,2,192.00,36.00,37.00,41.00,1,-1,-1,-1
829,3,245.00,88.00,41.00,36.00,1,-1,-1,-1
829,4,208.00,148.00,42.00,45.00,1,-1,-1,-1
830,0,118.00,65.00,52.00,40.00,1,-1,-1,-1
830,1,133.00,132.00,42.00,46.00,1,-1,-1,-1
830,2,191.00,36.00,37.00,40.00,1,-1,-1,-1
830,3,245.00,88.00,40.00,35.00,1,-1,-1,-1
830,4,209.00,148.00,43.00,45.00,1,-1,-1,-1
831,0,118.00,66.00,52.00,40.00,1,-1,-1,-1
831,1,134.00,132.00,42.00,46.00,1,-1,-1,-1
831,2,191.00,36.00,37.00,40.00,1,-1,-1,-1
831,3,245.00,88.00,39.00,34.00,1,-1,-1,-1
831,4,209.00,147.00,44.00,45.00,1,-1,-1,-1
832,0,118.00,66.00,51.00,40.00,1,-1,-1,-1
832,1,135.00,133.00,41.00,45.00,1,-1,-1,-1
832,2,190.00,36.00,37.00,41.00,1,-1,-1,-1
832,3,244.00,87.00,40.00,34.00,1,-1,-1,-1
832,4,211.00,147.00,43.00,44.00,1,-1,-1,-1
833,0,117.00,67.00,52.00,40.00,1,-1,-1,-1
833,1,136.00,134.00,41.00,44.00,1,-1,-1,-1
833,2,189.00,36.00,38.00,41.00,1,-1,-1,-1
833,3,244.00,87.00,40.00,33.00,1,-1,-1,-1
833,4,211.00,147.00,44.00,44.00,1,-1,-1,-1
834,0,117.00,68.00,51.00,40.00,1,-1,-1,-1
834,1,136.00,134.00,41.00,44.00,1,-1,-1,-1
834,2,188.00,35.00,39.00,42.00,1,-1,-1,-1
834,3,244.00,85.00,40.00,34.00,1,-1,-1,-1
834,4,212.00,146.00,44.00,45.00,1,-1,-1,-1
835,0,117.00,68.00,51.00,41.00,1,-1,-1,-1
835,1,138.00,135.00,39.00,43.00,1,-1,-1,-1
835,2,187.00,35.00,39.00,42.00,1,-1,-1,-1
835,3,244.00,84.00,40.00,35.00,1,-1,-1,-1
835,4,212.00,146.00,45.00,45.00,1,-1,-1,-1
836,0,117.00,69.00,51.00,41.00,1,-1,-1,-1
836,1,138.00,135.00,40.00,44.00,1,-1,-1,-1
836,2,186.00,34.00,39.00,43.00,1,-1,-1,-1
836,3,244.00,84.00,41.00,34.00,1,-1,-1,-1
836,4,213.00,145.00,45.00,46.00,1,-1,-1,-1
837,0,116.00,70.00,52.00,41.00,1,-1,-1,-1
837,1,138.00,136.00,40.00,44.00,1,-1,-1,-1
837,2,186.00,34.00,39.00,43.00,1,-1,-1,-1
837,3,244.00,83.00,41.00,34.00,1,-1,-1,-1
837,4,214.00,145.00,44.00,46.00,1,-1,-1,-1
838,0,116.00,71.00,51.00,40.00,1,-1,-1,-1
838,1,138.00,136.00,40.00,45.00,1,-1,-1,-1
838,2,186.00,34.00,38.00,43.00,1,-1,-1,-1
838,3,244.00,83.00,39.00,33.00,1,-1,-1,-1
838,4,215.00,144.00,44.00,47.00,1,-1,-1,-1
839,0,116.00,71.00,51.00,41.00,1,-1,-1,-1
839,1,138.00,137.00,41.00,45.00,1,-1,-1,-1
839,2,185.00,34.00,39.00,43.00,1,-1,-1,-1
839,3,244.00,82.00,39.00,34.00,1,-1,-1,-1
839,4,216.00,144.00,43.00,46.00,1,-1,-1,-1
840,0,115.00,72.00,51.00,41.00,1,-1,-1,-1
840,1,139.00,137.00,40.00,47.00,1,-1,-1,-1
840,2,184.00,34.00,39.00,42.00,1,-1,-1,-1
840,3,243.00,82.00,40.00,33.00,1,-1,-1,-1
840,4,216.00,143.00,44.00,47.00,1,-1,-1,-1
841,0,115.00,72.00,51.00,41.00,1,-1,-1,-1
841,1,139.00,138.00,42.00,47.00,1,-1,-1,-1
841,2,183.00,34.00,39.00,42.00,1,-1,-1,-1
841,3,243.00,81.00,40.00,33.00,1,-1,-1,-1
841,4,216.00,142.00,45.00,47.00,1,-1,-1,-1
842,0,115.00,73.00,51.00,41.00,1,-1,-1,-1
842,1,139.00,138.00,42.00,48.00,1,-1,-1,-1
842,2,182.00,35.00,39.00,41.00,1,-1,-1,-1
842,3,243.00,80.00,39.00,33.00,1,-1,-1,-1
842,4,216.00,142.00,45.00,47.00,1,-1,-1,-1
843,0,115.00,74.00,50.00,40.00,1,-1,-1,-1
843,1,140.00,139.00,42.00,47.00,1,-1,-1,-1
843,2,182.00,35.00,38.00,41.00,1,-1,-1,-1
843,3,243.00,79.00,39.00,34.00,1,-1,-1,-1
843,4,216.00,142.00,46.00,46.00,1,-1,-1,-1
844,0,115.00,75.00,50.00,40.00,1,-1,-1,-1
844,1,141.00,139.00,41.00,48.00,1,-1,-1,-1
844,2,181.00,36.00,38.00,40.00,1,-1,-1,-1
844,3,242.00,77.00,41.00,35.00,1,-1,-1,-1
844,4,217.00,141.00,46.00,46.00,1,-1,-1,-1
845,0,114.00,76.00,51.00,40.00,1,-1,-1,-1
845,1,142.00,140.00,40.00,46.00,1,-1,-1,-1
845,2,180.00,36.00,38.00,41.00,1,-1,-1,-1
845,3,242.00,75.00,41.00,37.00,1,-1,-1,-1
845,4,218.00,141.00,46.00,46.00,1,-1,-1,-1
846,0,114.00,77.00,50.00,40.00,1,-1,-1,-1
846,1,143.00,140.00,40.00,46.00,1,-1,-1,-1
846,2,179.00,36.00,38.00,41.00,1,-1,-1,-1
846,3,242.00,74.00,40.00,37.00,1,-1,-1,-1
846,4,218.00,140.00,47.00,47.00,1,-1,-1,-1
847,0,113.00,77.00,52.00,41.00,1,-1,-1,-1
847,1,144.00,140.00,39.00,46.00,1,-1,-1,-1
847,2,179.00,36.00,38.00,41.00,1,-1,-1,-1
847,3,242.00,73.00,41.00,37.00,1,-1,-1,-1
847,4,219.00,140.00,47.00,47.00,1,-1,-1,-1
848,0,113.00,78.00,51.00,40.00,1,-1,-1,-1
848,1,145.00,141.00,39.00,45.00,1,-1,-1,-1
848,2,178.00,36.00,39.00,41.00,1,-1,-1,-1
848,3,242.00,72.00,41.00,38.00,1,-1,-1,-1
848,4,220.00,139.00,46.00,47.00,1,-1,-1,-1
849,0,113.00,78.00,51.00,41.00,1,-1,-1,-1
849,1,145.00,141.00,40.00,46.00,1,-1,-1,-1
849,2,177.00,37.00,39.00,40.00,1,-1,-1,-1
849,3,241.00,71.00,41.00,38.00,1,-1,-1,-1
849,4,221.00,139.00,46.00,47.00,1,-1,-1,-1
850,0,113.00,79.00,51.00,41.00,1,-1,-1,-1
850,1,146.00,141.00,40.00,47.00,1,-1,-1,-1
850,2,176.00,37.00,39.00,40.00,1,-1,-1,-1
850,3,241.00,71.00,39.00,37.00,1,-1,-1,-1
850,4,222.00,138.00,46.00,47.00,1,-1,-1,-1
851,0,113.00,80.00,51.00,41.00,1,-1,-1,-1
851,1,146.00,142.00,40.00,46.00,1,-1,-1,-1
851,2,175.00,36.00,39.00,41.00,1,-1,-1,-1
851,3,240.00,70.00,40.00,38.00,1,-1,-1,-1
851,4,222.00,138.00,47.00,46.00,1,-1,-1,-1
852,0,113.00,81.00,51.00,40.00,1,-1,-1,-1
852,1,146.00,142.00,41.00,47.00,1,-1,-1,-1
852,2,174.00,36.00,40.00,40.00,1,-1,-1,-1
852,3,240.00,69.00,40.00,39.00,1,-1,-1,-1
852,4,223.00,138.00,46.00,46.00,1,-1,-1,-1
853,0,113.00,82.00,51.00,40.00,1,-1,-1,-1
853,1,147.00,143.00,40.00,47.00,1,-1,-1,-1
853,2,174.00,36.00,38.00,41.00,1,-1,-1,-1
853,3,240.00,69.00,40.00,38.00,1,-1,-1,-1
853,4,224.00,137.00,46.00,46.00,1,-1,-1,-1
854,0,113.00,83.00,51.00,40.00,1,-1,-1,-1
854,1,148.00,144.00,39.00,46.00,1,-1,-1,-1
854,2,173.00,37.00,39.00,40.00,1,-1,-1,-1
854,3,239.00,69.00,41.00,38.00,1,-1,-1,-1
854,4,224.00,136.00,46.00,47.00,1,-1,-1,-1
855,0,113.00,83.00,51.00,41.00,1,-1,-1,-1
855,1,148.00,144.00,40.00,45.00,1,-1,-1,-1
855,2,173.00,37.00,39.00,41.00,1,-1,-1,-1
855,3,239.00,68.00,40.00,37.00,1,-1,-1,-1
855,4,224.00,136.00,47.00,46.00,1,-1,-1,-1
856,0,112.00,84.00,51.00,40.00,1,-1,-1,-1
856,1,149.00,145.00,39.00,44.00,1,-1,-1,-1
856,2,172.00,36.00,39.00,42.00,1,-1,-1,-1
856,3,239.00,68.00,40.00,37.00,1,-1,-1,-1
856,4,225.00,135.00,46.00,46.00,1,-1,-1,-1
857,0,112.00,85.00,51.00,40.00,1,-1,-1,-1
857,1,150.00,145.00,39.00,45.00,1,-1,-1,-1
857,2,171.00,36.00,40.00,42.00,1,-1,-1,-1
857,3,239.00,67.00,39.00,37.00,1,-1,-1,-1
857,4,225.00,135.00,47.00,45.00,1,-1,-1,-1
858,0,112.00,86.00,51.00,40.00,1,-1,-1,-1
858,1,151.00,145.00,39.00,46.00,1,-1,-1,-1
858,2,170.00,36.00,40.00,42.00,1,-1,-1,-1
858,3,239.00,66.00,39.00,37.00,1,-1,-1,-1
858,4,226.00,134.00,45.00,45.00,1,-1,-1,-1
859,0,112.00,86.00,51.00,41.00,1,-1,-1,-1
859,1,153.00,145.00,37.00,46.00,1,-1,-1,-1
859,2,169.00,36.00,40.00,43.00,1,-1,-1,-1
859,3,239.00,64.00,39.00,38.00,1,-1,-1,-1
859,4,226.00,134.00,46.00,45.00,1,-1,-1,-1
860,0,112.00,87.00,51.00,41.00,1,-1,-1,-1
860,1,154.00,146.00,37.00,45.00,1,-1,-1,-1
860,2,168.00,36.00,41.00,43.00,1,-1,-1,-1
860,3,239.00,64.00,38.00,37.00,1,-1,-1,-1
860,4,226.00,133.00,46.00,46.00,1,-1,-1,-1
861,0,111.00,88.00,51.00,41.00,1,-1,-1,-1
861,1,154.00,146.00,38.00,46.00,1,-1,-1,-1
861,2,167.00,36.00,41.00,43.00,1,-1,-1,-1
861,3,238.00,63.00,39.00,38.00,1,-1,-1,-1
861,4,227.00,133.00,46.00,45.00,1,-1,-1,-1
862,0,112.00,89.00,50.00,41.00,1,-1,-1,-1
862,1,155.00,146.00,38.00,48.00,1,-1,-1,-1
862,2,167.00,36.00,41.00,44.00,1,-1,-1,-1
862,3,238.00,62.00,39.00,38.00,1,-1,-1,-1
862,4,227.00,132.00,46.00,45.00,1,-1,-1,-1
863,0,112.00,90.00,50.00,40.00,1,-1,-1,-1
863,1,156.00,146.00,37.00,48.00,1,-1,-1,-1
863,2,166.00,36.00,41.00,43.00,1,-1,-1,-1
863,3,237.00,62.00,39.00,37.00,1,-1,-1,-1
863,4,228.00,131.00,46.00,45.00,1,-1,-1,-1
864,0,112.00,90.00,50.00,42.00,1,-1,-1,-1
864,1,157.00,146.00,37.00,48.00,1,-1,-1,-1
864,2,165.00,36.00,41.00,44.00,1,-1,-1,-1
864,3,237.00,62.00,39.00,37.00,1,-1,-1,-1
864,4,228.00,131.00,46.00,44.00,1,-1,-1,-1
865,0,112.00,91.00,50.00,41.00,1,-1,-1,-1
865,1,157.00,147.00,38.00,47.00,1,-1,-1,-1
865,2,165.00,37.00,40.00,43.00,1,-1,-1,-1
865,3,236.00,61.00,39.00,37.00,1,-1,-1,-1
865,4,229.00,130.00,46.00,45.00,1,-1,-1,-1
866,0,111.00,91.00,51.00,42.00,1,-1,-1,-1
866,1,157.00,147.00,39.00,47.00,1,-1,-1,-1
866,2,164.00,38.00,40.00,43.00,1,-1,-1,-1
866,3,236.00,61.00,38.00,37.00,1,-1,-1,-1
866,4,229.00,130.00,47.00,44.00,1,-1,-1,-1
867,0,111.00,92.00,52.00,42.00,1,-1,-1,-1
867,1,158.00,147.00,39.00,47.00,1,-1,-1,-1
867,2,163.00,37.00,40.00,44.00,1,-1,-1,-1
867,3,235.00,62.00,38.00,35.00,1,-1,-1,-1
867,4,229.00,129.00,48.00,45.00,1,-1,-1,-1
868,0,111.00,92.00,52.00,42.00,1,-1,-1,-1
868,1,159.00,148.00,38.00,46.00,1,-1,-1,-1
868,2,162.00,37.00,40.00,44.00,1,-1,-1,-1
868,3,234.00,62.00,37.00,35.00,1,-1,-1,-1
868,4,229.00,129.00,49.00,45.00,1,-1,-1,-1
869,0,111.00,92.00,52.00,44.00,1,-1,-1,-1
869,1,160.00,148.00,38.00,47.00,1,-1,-1,-1
869,2,162.00,38.00,39.00,42.00,1,-1,-1,-1
869,3,234.00,60.00,36.00,36.00,1,-1,-1,-1
869,4,230.00,128.00,48.00,46.00,1,-1,-1,-1
870,0,111.00,92.00,51.00,44.00,1,-1,-1,-1
870,1,161.00,148.00,38.00,47.00,1,-1,-1,-1
870,2,161.00,38.00,40.00,42.00,1,-1,-1,-1
870,3,233.00,59.00,37.00,37.00,1,-1,-1,-1
870,4,230.00,127.00,48.00,46.00,1,-1,-1,-1
871,0,111.00,94.00,51.00,43.00,1,-1,-1,-1
871,1,162.00,148.00,38.00,47.00,1,-1,-1,-1
871,2,161.00,38.00,40.00,41.00,1,-1,-1,-1
871,3,232.00,59.00,38.00,38.00,1,-1,-1,-1
871,4,231.00,127.00,48.00,45.00,1,-1,-1,-1
872,0,111.00,94.00,51.00,44.00,1,-1,-1,-1
872,1,163.00,149.00,37.00,46.00,1,-1,-1,-1
872,2,160.00,38.00,41.00,41.00,1,-1,-1,-1
872,3,232.00,58.00,37.00,38.00,1,-1,-1,-1
872,4,231.00,126.00,49.00,45.00,1,-1,-1,-1
873,0,111.00,96.00,50.00,43.00,1,-1,-1,-1
873,1,164.00,149.00,37.00,46.00,1,-1,-1,-1
873,2,159.00,39.00,41.00,40.00,1,-1,-1,-1
873,3,232.00,58.00,36.00,37.00,1,-1,-1,-1
873,4,232.00,125.00,48.00,45.00,1,-1,-1,-1
874,0,111.00,96.00,50.00,44.00,1,-1,-1,-1
874,1,164.00,150.00,38.00,45.00,1,-1,-1,-1
874,2,158.00,39.00,42.00,41.00,1,-1,-1,-1
874,3,232.00,58.00,35.00,36.00,1,-1,-1,-1
874,4,232.00,125.00,49.00,44.00,1,-1,-1,-1
875,0,111.00,97.00,51.00,44.00,1,-1,-1,-1
875,1,165.00,150.00,36.00,44.00,1,-1,-1,-1
875,2,157.00,39.00,42.00,41.00,1,-1,-1,-1
875,3,231.00,55.00,37.00,39.00,1,-1,-1,-1
875,4,232.00,124.00,49.00,45.00,1,-1,-1,-1
876,0,112.00,97.00,50.00,45.00,1,-1,-1,-1
876,1,166.00,151.00,35.00,43.00,1,-1,-1,-1
876,2,157.00,39.00,41.00,42.00,1,-1,-1,-1
876,3,231.00,54.00,36.00,39.00,1,-1,-1,-1
876,4,233.00,123.00,49.00,45.00,1,-1,-1,-1
877,0,112.00,97.00,50.00,45.00,1,-1,-1,-1
877,1,167.00,151.00,35.00,42.00,1,-1,-1,-1
877,2,156.00,39.00,41.00,43.00,1,-1,-1,-1
877,3,231.00,52.00,36.00,40.00,1,-1,-1,-1
877,4,233.00,123.00,49.00,44.00,1,-1,-1,-1
878,0,112.00,97.00,50.00,46.00,1,-1,-1,-1
878,1,167.00,150.00,36.00,43.00,1,-1,-1,-1
878,2,156.00,40.00,41.00,42.00,1,-1,-1,-1
878,3,231.00,52.00,36.00,39.00,1,-1,-1,-1
878,4,234.00,122.00,49.00,44.00,1,-1,-1,-1
879,0,112.00,98.00,50.00,46.00,1,-1,-1,-1
879,1,168.00,150.00,36.00,43.00,1,-1,-1,-1
879,2,155.00,41.00,41.00,41.00,1,-1,-1,-1
879,3,230.00,53.00,35.00,37.00,1,-1,-1,-1
879,4,234.00,121.00,49.00,44.00,1,-1,-1,-1
880,0,112.00,98.00,51.00,47.00,1,-1,-1,-1
880,1,168.00,150.00,37.00,44.00,1,-1,-1,-1
880,2,154.00,41.00,41.00,41.00,1,-1,-1,-1
880,3,229.00,52.00,35.00,38.00,1,-1,-1,-1
880,4,235.00,120.00,48.00,44.00,1,-1,-1,-1
881,0,112.00,99.00,51.00,47.00,1,-1,-1,-1
881,1,169.00,150.00,37.00,45.00,1,-1,-1,-1
881,2,154.00,42.00,40.00,41.00,1,-1,-1,-1
881,3,230.00,49.00,35.00,40.00,1,-1,-1,-1
881,4,235.00,120.00,48.00,43.00,1,-1,-1,-1
882,0,112.00,100.00,50.00,47.00,1,-1,-1,-1
882,1,169.00,150.00,38.00,46.00,1,-1,-1,-1
882,2,153.00,42.00,41.00,41.00,1,-1,-1,-1
882,3,229.00,49.00,35.00,40.00,1,-1,-1,-1
882,4,235.00,119.00,48.00,43.00,1,-1,-1,-1
883,0,112.00,101.00,50.00,47.00,1,-1,-1,-1
883,1,169.00,150.00,38.00,46.00,1,-1,-1,-1
883,2,152.00,43.00,41.00,41.00,1,-1,-1,-1
883,3,229.00,49.00,35.00,40.00,1,-1,-1,-1
883,4,236.00,119.00,48.00,43.00,1,-1,-1,-1
884,0,112.00,102.00,50.00,46.00,1,-1,-1,-1
884,1,170.00,150.00,38.00,46.00,1,-1,-1,-1
884,2,151.00,43.00,42.00,41.00,1,-1,-1,-1
884,3,228.00,49.00,36.00,39.00,1,-1,-1,-1
884,4,236.00,118.00,48.00,43.00,1,-1,-1,-1
885,0,112.00,103.00,50.00,46.00,1,-1,-1,-1
885,1,171.00,150.00,38.00,45.00,1,-1,-1,-1
885,2,151.00,43.00,41.00,41.00,1,-1,-1,-1
885,3,228.00,49.00,35.00,38.00,1,-1,-1,-1
885,4,236.00,117.00,49.00,43.00,1,-1,-1,-1
886,0,112.00,104.00,50.00,45.00,1,-1,-1,-1
886,1,173.00,150.00,36.00,45.00,1,-1,-1,-1
886,2,150.00,43.00,42.00,41.00,1,-1,-1,-1
886,3,227.00,49.00,35.00,38.00,1,-1,-1,-1
886,4,236.00,116.00,49.00,43.00,1,-1,-1,-1
887,0,113.00,104.00,49.00,46.00,1,-1,-1,-1
887,1,174.00,151.00,36.00,43.00,1,-1,-1,-1
887,2,149.00,43.00,42.00,41.00,1,-1,-1,-1
887,3,225.00,48.00,37.00,39.00,1,-1,-1,-1
887,4,237.00,116.00,48.00,43.00,1,-1,-1,-1
888,0,113.00,106.00,48.00,45.00,1,-1,-1,-1
888,1,175.00,151.00,37.00,43.00,1,-1,-1,-1
888,2,148.00,43.00,42.00,41.00,1,-1,-1,-1
888,3,225.00,48.00,36.00,39.00,1,-1,-1,-1
888,4,237.00,115.00,49.00,43.00,1,-1,-1,-1
889,0,113.00,107.00,49.00,45.00,1,-1,-1,-1
889,1,176.00,152.00,36.00,42.00,1,-1,-1,-1
889,2,147.00,43.00,42.00,41.00,1,-1,-1,-1
889,3,225.00,49.00,35.00,37.00,1,-1,-1,-1
889,4,237.00,115.00,49.00,42.00,1,-1,-1,-1
890,0,114.00,107.00,48.00,46.00,1,-1,-1,-1
890,1,176.00,152.00,37.00,43.00,1,-1,-1,-1
890,2,146.00,44.00,42.00,41.00,1,-1,-1,-1
890,3,225.00,49.00,33.00,37.00,1,-1,-1,-1
890,4,237.00,114.00,49.00,43.00,1,-1,-1,-1
891,0,114.00,108.00,48.00,45.00,1,-1,-1,-1
891,1,177.00,151.00,37.00,45.00,1,-1,-1,-1
891,2,146.00,45.00,42.00,41.00,1,-1,-1,-1
891,3,225.00,49.00,31.00,35.00,1,-1,-1,-1
891,4,237.00,113.00,50.00,43.00,1,-1,-1,-1
892,0,114.00,109.00,49.00,45.00,1,-1,-1,-1
892,1,178.00,151.00,37.00,45.00,1,-1,-1,-1
892,2,145.00,45.00,42.00,41.00,1,-1,-1,-1
892,3,224.00,49.00,30.00,35.00,1,-1,-1,-1
892,4,236.00,112.00,51.00,44.00,1,-1,-1,-1
893,0,114.00,110.00,49.00,44.00,1,-1,-1,-1
893,1,178.00,152.00,38.00,44.00,1,-1,-1,-1
893,2,145.00,46.00,42.00,40.00,1,-1,-1,-1
893,3,223.00,49.00,31.00,35.00,1,-1,-1,-1
893,4,237.00,111.00,50.00,45.00,1,-1,-1,-1
894,0,114.00,110.00,49.00,46.00,1,-1,-1,-1
894,1,179.00,152.00,38.00,45.00,1,-1,-1,-1
894,2,145.00,47.00,41.00,40.00,1,-1,-1,-1
894,3,222.00,48.00,31.00,37.00,1,-1,-1,-1
894,4,237.00,111.00,50.00,43.00,1,-1,-1,-1
895,0,114.00,111.00,49.00,45.00,1,-1,-1,-1
895,1,180.00,152.00,38.00,45.00,1,-1,-1,-1
895,2,144.00,48.00,42.00,40.00,1,-1,-1,-1
895,3,222.00,46.00,32.00,38.00,1,-1,-1,-1
895,4,237.00,110.00,51.00,44.00,1,-1,-1,-1
896,0,114.00,112.00,49.00,45.00,1,-1,-1,-1
896,1,180.00,152.00,38.00,45.00,1,-1,-1,-1
896,2,144.00,48.00,42.00,40.00,1,-1,-1,-1
896,3,223.00,44.00,31.00,38.00,1,-1,-1,-1
896,4,238.00,109.00,50.00,44.00,1,-1,-1,-1
897,0,115.00,112.00,48.00,46.00,1,-1,-1,-1
897,1,181.00,152.00,38.00,45.00,1,-1,-1,-1
897,2,143.00,48.00,42.00,40.00,1,-1,-1,-1
897,3,222.00,44.00,31.00,39.00,1,-1,-1,-1
897,4,238.00,108.00,50.00,44.00,1,-1,-1,-1
898,0,116.00,113.00,47.00,45.00,1,-1,-1,-1
898,1,182.00,153.00,38.00,44.00,1,-1,-1,-1
898,2,142.00,48.00,43.00,40.00,1,-1,-1,-1
898,3,221.00,43.00,32.00,39.00,1,-1,-1,-1
898,4,239.00,108.00,49.00,43.00,1,-1,-1,-1
899,0,116.00,114.00,47.00,45.00,1,-1,-1,-1
899,1,183.00,153.00,38.00,44.00,1,-1,-1,-1
899,2,142.00,49.00,42.00,39.00,1,-1,-1,-1
899,3,220.00,44.00,31.00,37.00,1,-1,-1,-1
899,4,239.00,107.00,49.00,44.00,1,-1,-1,-1
900,0,117.00,115.00,47.00,46.00,1,-1,-1,-1
900,1,184.00,153.00,38.00,44.00,1,-1,-1,-1
900,2,141.00,49.00,43.00,40.00,1,-1,-1,-1
900,3,220.00,43.00,32.00,38.00,1,-1,-1,-1
900,4,239.00,106.00,49.00,44.00,1,-1,-1,-1
901,0,117.00,115.00,48.00,46.00,1,-1,-1,-1
901,1,185.00,153.00,38.00,43.00,1,-1,-1,-1
901,2,140.00,49.00,44.00,41.00,1,-1,-1,-1
901,3,219.00,43.00,32.00,37.00,1,-1,-1,-1
901,4,239.00,105.00,49.00,44.00,1,-1,-1,-1
902,0,117.00,116.00,48.00,46.00,1,-1,-1,-1
902,1,185.00,152.00,39.00,44.00,1,-1,-1,-1
902,2,139.00,49.00,44.00,41.00,1,-1,-1,-1
902,3,218.00,41.00,32.00,39.00,1,-1,-1,-1
902,4,240.00,105.00,48.00,43.00,1,-1,-1,-1
903,0,118.00,117.00,47.00,46.00,1,-1,-1,-1
903,1,186.00,152.00,39.00,45.00,1,-1,-1,-1
903,2,139.00,50.00,43.00,41.00,1,-1,-1,-1
903,3,217.00,41.00,32.00,39.00,1,-1,-1,-1
903,4,240.00,104.00,48.00,43.00,1,-1,-1,-1
904,0,118.00,117.00,48.00,46.00,1,-1,-1,-1
904,1,186.00,152.00,39.00,45.00,1,-1,-1,-1
904,2,138.00,50.00,43.00,41.00,1,-1,-1,-1
904,3,217.00,42.00,31.00,38.00,1,-1,-1,-1
904,4,240.00,103.00,48.00,44.00,1,-1,-1,-1
905,0,118.00,117.00,48.00,47.00,1,-1,-1,-1
905,1,186.00,152.00,40.00,45.00,1,-1,-1,-1
905,2,138.00,51.00,43.00,40.00,1,-1,-1,-1
905,3,215.00,42.00,32.00,37.00,1,-1,-1,-1
905,4,240.00,103.00,48.00,43.00,1,-1,-1,-1
906,0,119.00,119.00,46.00,46.00,1,-1,-1,-1
906,1,187.00,152.00,39.00,45.00,1,-1,-1,-1
906,2,138.00,52.00,42.00,40.00,1,-1,-1,-1
906,3,215.00,42.00,30.00,37.00,1,-1,-1,-1
906,4,240.00,102.00,48.00,43.00,1,-1,-1,-1
907,0,119.00,119.00,47.00,47.00,1,-1,-1,-1
907,1,187.00,152.00,40.00,44.00,1,-1,-1,-1
907,2,138.00,53.00,42.00,39.00,1,-1,-1,-1
907,3,215.00,42.00,30.00,36.00,1,-1,-1,-1
907,4,240.00,101.00,48.00,44.00,1,-1,-1,-1
908,0,119.00,121.00,47.00,46.00,1,-1,-1,-1
908,1,188.00,152.00,39.00,44.00,1,-1,-1,-1
908,2,137.00,54.00,42.00,39.00,1,-1,-1,-1
908,3,214.00,41.00,31.00,38.00,1,-1,-1,-1
908,4,240.00,101.00,49.00,43.00,1,-1,-1,-1
909,0,120.00,121.00,46.00,46.00,1,-1,-1,-1
909,1,189.00,152.00,40.00,43.00,1,-1,-1,-1
909,2,137.00,54.00,42.00,39.00,1,-1,-1,-1
909,3,213.00,40.00,31.00,39.00,1,-1,-1,-1
909,4,240.00,100.00,49.00,43.00,1,-1,-1,-1
910,0,120.00,121.00,47.00,47.00,1,-1,-1,-1
910,1,190.00,152.00,40.00,42.00,1,-1,-1,-1
910,2,135.00,55.00,43.00,38.00,1,-1,-1,-1
910,3,213.00,42.00,30.00,36.00,1,-1,-1,-1
910,4,240.00,99.00,49.00,43.00,1,-1,-1,-1
911,0,121.00,122.00,46.00,47.00,1,-1,-1,-1
911,1,191.00,152.00,39.00,42.00,1,-1,-1,-1
911,2,135.00,55.00,42.00,39.00,1,-1,-1,-1
911,3,213.00,41.00,29.00,37.00,1,-1,-1,-1
911,4,240.00,98.00,49.00,44.00,1,-1,-1,-1
912,0,121.00,122.00,46.00,47.00,1,-1,-1,-1
912,1,191.00,152.00,40.00,42.00,1,-1,-1,-1
912,2,134.00,56.00,43.00,38.00,1,-1,-1,-1
912,3,213.00,38.00,29.00,39.00,1,-1,-1,-1
912,4,239.00,98.00,50.00,43.00,1,-1,-1,-1
913,0,122.00,123.00,46.00,47.00,1,-1,-1,-1
913,1,193.00,152.00,38.00,42.00,1,-1,-1,-1
913,2,133.00,56.00,44.00,38.00,1,-1,-1,-1
913,3,212.00,38.00,29.00,39.00,1,-1,-1,-1
913,4,238.00,97.00,51.00,44.00,1,-1,-1,-1
914,0,122.00,124.00,46.00,47.00,1,-1,-1,-1
914,1,193.00,151.00,39.00,43.00,1,-1,-1,-1
914,2,132.00,56.00,45.00,39.00,1,-1,-1,-1
914,3,211.00,38.00,30.00,39.00,1,-1,-1,-1
914,4,237.00,96.00,51.00,44.00,1,-1,-1,-1
915,0,122.00,123.00,46.00,49.00,1,-1,-1,-1
915,1,194.00,151.00,39.00,43.00,1,-1,-1,-1
915,2,132.00,56.00,45.00,40.00,1,-1,-1,-1
915,3,210.00,39.00,30.00,37.00,1,-1,-1,-1
915,4,238.00,95.00,50.00,44.00,1,-1,-1,-1
916,0,122.00,124.00,46.00,48.00,1,-1,-1,-1
916,1,195.00,151.00,39.00,43.00,1,-1,-1,-1
916,2,132.00,57.00,44.00,40.00,1,-1,-1,-1
916,3,210.00,39.00,29.00,37.00,1,-1,-1,-1
916,4,237.00,94.00,52.00,45.00,1,-1,-1,-1
917,0,123.00,124.00,45.00,49.00,1,-1,-1,-1
917,1,196.00,151.00,38.00,43.00,1,-1,-1,-1
917,2,132.00,58.00,43.00,39.00,1,-1,-1,-1
917,3,210.00,38.00,28.00,38.00,1,-1,-1,-1
917,4,238.00,93.00,51.00,44.00,1,-1,-1,-1
918,0,124.00,125.00,44.00,48.00,1,-1,-1,-1
918,1,197.00,151.00,38.00,43.00,1,-1,-1,-1
918,2,130.00,59.00,44.00,39.00,1,-1,-1,-1
918,3,209.00,39.00,28.00,37.00,1,-1,-1,-1
918,4,238.00,93.00,51.00,44.00,1,-1,-1,-1
919,0,124.00,126.00,45.00,48.00,1,-1,-1,-1
919,1,197.00,151.00,39.00,43.00,1,-1,-1,-1
919,2,130.00,59.00,43.00,39.00,1,-1,-1,-1
919,3,206.00,39.00,30.00,38.00,1,-1,-1,-1
919,4,239.00,92.00,50.00,44.00,1,-1,-1,-1
920,0,124.00,127.00,45.00,48.00,1,-1,-1,-1
920,1,198.00,151.00,39.00,43.00,1,-1,-1,-1
920,2,130.00,60.00,43.00,39.00,1,-1,-1,-1
920,3,206.00,37.00,30.00,39.00,1,-1,-1,-1
920,4,239.00,91.00,50.00,44.00,1,-1,-1,-1
921,0,125.00,128.00,45.00,48.00,1,-1,-1,-1
921,1,199.00,151.00,40.00,43.00,1,-1,-1,-1
921,2,130.00,61.00,43.00,38.00,1,-1,-1,-1
921,3,205.00,37.00,30.00,39.00,1,-1,-1,-1
921,4,239.00,91.00,50.00,44.00,1,-1,-1,-1
922,0,125.00,129.00,45.00,47.00,1,-1,-1,-1
922,1,199.00,151.00,40.00,43.00,1,-1,-1,-1
922,2,129.00,61.00,44.00,39.00,1,-1,-1,-1
922,3,206.00,37.00,29.00,37.00,1,-1,-1,-1
922,4,240.00,90.00,49.00,45.00,1,-1,-1,-1
923,0,126.00,130.00,44.00,47.00,1,-1,-1,-1
923,1,200.00,150.00,41.00,44.00,1,-1,-1,-1
923,2,128.00,62.00,44.00,38.00,1,-1,-1,-1
923,3,207.00,36.00,27.00,36.00,1,-1,-1,-1
923,4,240.00,89.00,49.00,45.00,1,-1,-1,-1
924,0,127.00,130.00,44.00,48.00,1,-1,-1,-1
924,1,200.00,150.00,42.00,43.00,1,-1,-1,-1
924,2,127.00,62.00,45.00,39.00,1,-1,-1,-1
924,3,206.00,34.00,28.00,38.00,1,-1,-1,-1
924,4,241.00,89.00,48.00,45.00,1,-1,-1,-1
925,0,127.00,132.00,44.00,46.00,1,-1,-1,-1
925,1,201.00,150.00,41.00,42.00,1,-1,-1,-1
925,2,127.00,63.00,45.00,39.00,1,-1,-1,-1
925,3,206.00,33.00,27.00,39.00,1,-1,-1,-1
925,4,241.00,88.00,48.00,45.00,1,-1,-1,-1
926,0,128.00,132.00,43.00,47.00,1,-1,-1,-1
926,1,202.00,150.00,40.00,42.00,1,-1,-1,-1
926,2,127.00,63.00,45.00,39.00,1,-1,-1,-1
926,3,204.00,34.00,28.00,39.00,1,-1,-1,-1
926,4,241.00,87.00,48.00,45.00,1,-1,-1,-1
927,0,129.00,133.00,43.00,46.00,1,-1,-1,-1
927,1,202.00,149.00,41.00,43.00,1,-1,-1,-1
927,2,126.00,64.00,45.00,39.00,1,-1,-1,-1
927,3,204.00,34.00,28.00,38.00,1,-1,-1,-1
927,4,240.00,86.00,49.00,45.00,1,-1,-1,-1
928,0,130.00,133.00,43.00,47.00,1,-1,-1,-1
928,1,203.00,149.00,43.00,43.00,1,-1,-1,-1
928,2,125.00,65.00,45.00,38.00,1,-1,-1,-1
928,3,203.00,35.00,28.00,39.00,1,-1,-1,-1
928,4,240.00,85.00,48.00,45.00,1,-1,-1,-1
929,0,131.00,133.00,42.00,48.00,1,-1,-1,-1
929,1,204.00,149.00,42.00,42.00,1,-1,-1,-1
929,2,125.00,66.00,45.00,38.00,1,-1,-1,-1
929,3,202.00,37.00,28.00,37.00,1,-1,-1,-1
929,4,240.00,84.00,48.00,46.00,1,-1,-1,-1
930,0,131.00,133.00,43.00,49.00,1,-1,-1,-1
930,1,204.00,149.00,42.00,42.00,1,-1,-1,-1
930,2,124.00,66.00,45.00,38.00,1,-1,-1,-1
930,3,201.00,34.00,29.00,40.00,1,-1,-1,-1
930,4,240.00,84.00,48.00,45.00,1,-1,-1,-1
931,0,131.00,133.00,43.00,49.00,1,-1,-1,-1
931,1,204.00,149.00,42.00,42.00,1,-1,-1,-1
931,2,124.00,67.00,45.00,38.00,1,-1,-1,-1
931,3,200.00,34.00,29.00,40.00,1,-1,-1,-1
931,4,239.00,83.00,49.00,45.00,1,-1,-1,-1
932,0,132.00,134.00,43.00,49.00,1,-1,-1,-1
932,1,205.00,148.00,41.00,43.00,1,-1,-1,-1
932,2,124.00,68.00,45.00,38.00,1,-1,-1,-1
932,3,199.00,33.00,30.00,40.00,1,-1,-1,-1
932,4,239.00,82.00,49.00,45.00,1,-1,-1,-1
933,0,132.00,134.00,43.00,50.00,1,-1,-1,-1
933,1,205.00,148.00,42.00,43.00,1,-1,-1,-1
933,2,124.00,68.00,45.00,38.00,1,-1,-1,-1
933,3,198.00,33.00,30.00,39.00,1,-1,-1,-1
933,4,239.00,82.00,48.00,44.00,1,-1,-1,-1
934,0,133.00,135.00,42.00,49.00,1,-1,-1,-1
934,1,206.00,148.00,42.00,43.00,1,-1,-1,-1
934,2,124.00,68.00,45.00,39.00,1,-1,-1,-1
934,3,198.00,33.00,29.00,39.00,1,-1,-1,-1
934,4,239.00,81.00,48.00,44.00,1,-1,-1,-1
935,0,134.00,136.00,42.00,48.00,1,-1,-1,-1
935,1,207.00,148.00,42.00,42.00,1,-1,-1,-1
935,2,124.00,69.00,45.00,39.00,1,-1,-1,-1
935,3,197.00,33.00,29.00,38.00,1,-1,-1,-1
935,4,239.00,80.00,48.00,45.00,1,-1,-1,-1
936,0,134.00,136.00,43.00,49.00,1,-1,-1,-1
936,1,207.00,147.00,43.00,41.00,1,-1,-1,-1
936,2,124.00,69.00,45.00,40.00,1,-1,-1,-1
936,3,197.00,35.00,28.00,37.00,1,-1,-1,-1
936,4,239.00,79.00,48.00,45.00,1,-1,-1,-1
937,0,135.00,136.00,42.00,50.00,1,-1,-1,-1
937,1,208.00,147.00,43.00,41.00,1,-1,-1,-1
937,2,124.00,70.00,44.00,39.00,1,-1,-1,-1
937,3,196.00,33.00,28.00,39.00,1,-1,-1,-1
937,4,239.00,78.00,48.00,45.00,1,-1,-1,-1
938,0,136.00,137.00,41.00,49.00,1,-1,-1,-1
938,1,209.00,147.00,43.00,41.00,1,-1,-1,-1
938,2,123.00,70.00,45.00,40.00,1,-1,-1,-1
938,3,195.00,32.00,28.00,39.00,1,-1,-1,-1
938,4,239.00,78.00,48.00,44.00,1,-1,-1,-1
939,0,137.00,138.00,41.00,49.00,1,-1,-1,-1
939,1,209.00,146.00,44.00,42.00,1,-1,-1,-1
939,2,123.00,71.00,44.00,39.00,1,-1,-1,-1
939,3,194.00,32.00,29.00,39.00,1,-1,-1,-1
939,4,239.00,78.00,48.00,43.00,1,-1,-1,-1
940,0,137.00,138.00,43.00,49.00,1,-1,-1,-1
940,1,210.00,146.00,43.00,41.00,1,-1,-1,-1
940,2,122.00,71.00,45.00,40.00,1,-1,-1,-1
940,3,193.00,32.00,29.00,39.00,1,-1,-1,-1
940,4,238.00,77.00,48.00,43.00,1,-1,-1,-1
941,0,138.00,139.00,42.00,49.00,1,-1,-1,-1
941,1,211.00,145.00,43.00,42.00,1,-1,-1,-1
941,2,122.00,72.00,45.00,39.00,1,-1,-1,-1
941,3,192.00,33.00,30.00,37.00,1,-1,-1,-1
941,4,238.00,76.00,48.00,44.00,1,-1,-1,-1
942,0,138.00,139.00,43.00,50.00,1,-1,-1,-1
942,1,211.00,145.00,44.00,43.00,1,-1,-1,-1
942,2,122.00,73.00,44.00,39.00,1,-1,-1,-1
942,3,192.00,33.00,29.00,37.00,1,-1,-1,-1
942,4,238.00,75.00,48.00,44.00,1,-1,-1,-1
943,0,139.00,139.00,42.00,50.00,1,-1,-1,-1
943,1,212.00,144.00,43.00,44.00,1,-1,-1,-1
943,2,122.00,75.00,44.00,38.00,1,-1,-1,-1
943,3,191.00,34.00,29.00,36.00,1,-1,-1,-1
943,4,238.00,75.00,47.00,44.00,1,-1,-1,-1
944,0,140.00,140.00,42.00,50.00,1,-1,-1,-1
944,1,213.00,144.00,43.00,45.00,1,-1,-1,-1
944,2,122.00,75.00,44.00,39.00,1,-1,-1,-1
944,3,191.00,34.00,28.00,35.00,1,-1,-1,-1
944,4,238.00,74.00,47.00,44.00,1,-1,-1,-1
945,0,140.00,140.00,42.00,50.00,1,-1,-1,-1
945,1,213.00,144.00,43.00,44.00,1,-1,-1,-1
945,2,121.00,75.00,45.00,39.00,1,-1,-1,-1
945,3,191.00,34.00,26.00,34.00,1,-1,-1,-1
945,4,238.00,74.00,46.00,44.00,1,-1,-1,-1
946,0,141.00,140.00,42.00,51.00,1,-1,-1,-1
946,1,214.00,144.00,43.00,44.00,1,-1,-1,-1
946,2,121.00,76.00,45.00,39.00,1,-1,-1,-1
946,3,191.00,34.00,25.00,33.00,1,-1,-1,-1
946,4,238.00,73.00,46.00,44.00,1,-1,-1,-1
947,0,142.00,141.00,41.00,50.00,1,-1,-1,-1
947,1,215.00,143.00,42.00,44.00,1,-1,-1,-1
947,2,121.00,76.00,45.00,39.00,1,-1,-1,-1
947,3,189.00,35.00,26.00,32.00,1,-1,-1,-1
947,4,237.00,72.00,47.00,45.00,1,-1,-1,-1
948,0,143.00,141.00,41.00,50.00,1,-1,-1,-1
948,1,216.00,142.00,42.00,44.00,1,-1,-1,-1
948,2,120.00,77.00,45.00,39.00,1,-1,-1,-1
948,3,188.00,35.00,27.00,33.00,1,-1,-1,-1
948,4,237.00,70.00,47.00,46.00,1,-1,-1,-1
949,0,143.00,142.00,42.00,50.00,1,-1,-1,-1
949,1,216.00,142.00,44.00,43.00,1,-1,-1,-1
949,2,120.00,79.00,44.00,38.00,1,-1,-1,-1
949,3,187.00,34.00,28.00,35.00,1,-1,-1,-1
949,4,237.00,69.00,47.00,46.00,1,-1,-1,-1
950,0,144.00,143.00,41.00,49.00,1,-1,-1,-1
950,1,216.00,141.00,44.00,43.00,1,-1,-1,-1
950,2,120.00,80.00,44.00,38.00,1,-1,-1,-1
950,3,186.00,34.00,29.00,35.00,1,-1,-1,-1
950,4,236.00,69.00,48.00,46.00,1,-1,-1,-1
951,0,145.00,143.00,41.00,50.00,1,-1,-1,-1
951,1,216.00,141.00,44.00,42.00,1,-1,-1,-1
951,2,119.00,81.00,45.00,37.00,1,-1,-1,-1
951,3,185.00,34.00,30.00,36.00,1,-1,-1,-1
951,4,236.00,68.00,47.00,46.00,1,-1,-1,-1
952,0,145.00,143.00,42.00,50.00,1,-1,-1,-1
952,1,217.00,141.00,44.00,41.00,1,-1,-1,-1
952,2,119.00,81.00,45.00,38.00,1,-1,-1,-1
952,3,185.00,36.00,29.00,34.00,1,-1,-1,-1
952,4,236.00,67.00,47.00,47.00,1,-1,-1,-1
953,0,146.00,144.00,42.00,50.00,1,-1,-1,-1
953,1,217.00,140.00,45.00,42.00,1,-1,-1,-1
953,2,119.00,83.00,44.00,37.00,1,-1,-1,-1
953,3,185.00,38.00,28.00,32.00,1,-1,-1,-1
953,4,235.00,67.00,47.00,46.00,1,-1,-1,-1
954,0,146.00,144.00,43.00,50.00,1,-1,-1,-1
954,1,218.00,140.00,44.00,42.00,1,-1,-1,-1
954,2,119.00,83.00,44.00,38.00,1,-1,-1,-1
954,3,185.00,39.00,27.00,31.00,1,-1,-1,-1
954,4,235.00,66.00,47.00,46.00,1,-1,-1,-1
955,0,147.00,144.00,43.00,51.00,1,-1,-1,-1
955,1,219.00,139.00,43.00,42.00,1,-1,-1,-1
955,2,119.00,84.00,44.00,37.00,1,-1,-1,-1
955,3,184.00,38.00,28.00,32.00,1,-1,-1,-1
955,4,235.00,65.00,47.00,47.00,1,-1,-1,-1
956,0,148.00,145.00,42.00,50.00,1,-1,-1,-1
956,1,219.00,139.00,44.00,42.00,1,-1,-1,-1
956,2,119.00,84.00,44.00,38.00,1,-1,-1,-1
956,3,182.00,38.00,29.00,33.00,1,-1,-1,-1
956,4,235.00,64.00,46.00,47.00,1,-1,-1,-1
957,0,149.00,146.00,41.00,50.00,1,-1,-1,-1
957,1,219.00,138.00,45.00,43.00,1,-1,-1,-1
957,2,120.00,85.00,43.00,38.00,1,-1,-1,-1
957,3,181.00,37.00,30.00,34.00,1,-1,-1,-1
957,4,235.00,64.00,46.00,46.00,1,-1,-1,-1
958,0,150.00,146.00,41.00,50.00,1,-1,-1,-1
958,1,220.00,138.00,45.00,43.00,1,-1,-1,-1
958,2,119.00,85.00,44.00,39.00,1,-1,-1,-1
958,3,180.00,36.00,30.00,35.00,1,-1,-1,-1
958,4,235.00,63.00,45.00,46.00,1,-1,-1,-1
959,0,151.00,147.00,40.00,49.00,1,-1,-1,-1
959,1,220.00,137.00,45.00,43.00,1,-1,-1,-1
959,2,119.00,85.00,44.00,39.00,1,-1,-1,-1
959,3,180.00,38.00,28.00,33.00,1,-1,-1,-1
959,4,234.00,63.00,46.00,45.00,1,-1,-1,-1
960,0,152.00,147.00,40.00,49.00,1,-1,-1,-1
960,1,220.00,137.00,47.00,43.00,1,-1,-1,-1
960,2,118.00,86.00,45.00,39.00,1,-1,-1,-1
960,3,178.00,36.00,30.00,35.00,1,-1,-1,-1
960,4,234.00,62.00,45.00,45.00,1,-1,-1,-1
961,0,152.00,148.00,40.00,49.00,1,-1,-1,-1
961,1,221.00,136.00,46.00,44.00,1,-1,-1,-1
961,2,118.00,86.00,44.00,39.00,1,-1,-1,-1
961,3,177.00,35.00,30.00,35.00,1,-1,-1,-1
961,4,233.00,62.00,46.00,45.00,1,-1,-1,-1
962,0,153.00,148.00,39.00,49.00,1,-1,-1,-1
962,1,221.00,136.00,47.00,43.00,1,-1,-1,-1
962,2,117.00,87.00,45.00,39.00,1,-1,-1,-1
962,3,175.00,34.00,31.00,36.00,1,-1,-1,-1
962,4,232.00,61.00,47.00,45.00,1,-1,-1,-1
963,0,155.00,148.00,38.00,50.00,1,-1,-1,-1
963,1,222.00,135.00,46.00,43.00,1,-1,-1,-1
963,2,117.00,87.00,45.00,40.00,1,-1,-1,-1
963,3,175.00,34.00,31.00,36.00,1,-1,-1,-1
963,4,231.00,59.00,47.00,46.00,1,-1,-1,-1
964,0,155.00,148.00,39.00,50.00,1,-1,-1,-1
964,1,222.00,135.00,46.00,43.00,1,-1,-1,-1
964,2,118.00,88.00,44.00,40.00,1,-1,-1,-1
964,3,175.00,36.00,30.00,34.00,1,-1,-1,-1
964,4,231.00,59.00,47.00,46.00,1,-1,-1,-1
965,0,156.00,149.00,38.00,49.00,1,-1,-1,-1
965,1,223.00,135.00,45.00,42.00,1,-1,-1,-1
965,2,118.00,89.00,44.00,39.00,1,-1,-1,-1
965,3,174.00,37.00,30.00,34.00,1,-1,-1,-1
965,4,231.00,58.00,46.00,46.00,1,-1,-1,-1
966,0,157.00,148.00,38.00,50.00,1,-1,-1,-1
966,1,224.00,134.00,45.00,41.00,1,-1,-1,-1
966,2,117.00,91.00,45.00,38.00,1,-1,-1,-1
966,3,174.00,39.00,29.00,33.00,1,-1,-1,-1
966,4,230.00,58.00,47.00,46.00,1,-1,-1,-1
967,0,158.00,149.00,38.00,49.00,1,-1,-1,-1
967,1,224.00,133.00,47.00,41.00,1,-1,-1,-1
967,2,117.00,91.00,45.00,39.00,1,-1,-1,-1
967,3,175.00,41.00,28.00,31.00,1,-1,-1,-1
967,4,230.00,57.00,46.00,46.00,1,-1,-1,-1
968,0,158.00,150.00,39.00,49.00,1,-1,-1,-1
968,1,224.00,133.00,48.00,41.00,1,-1,-1,-1
968,2,117.00,92.00,44.00,38.00,1,-1,-1,-1
968,3,173.00,39.00,30.00,33.00,1,-1,-1,-1
968,4,230.00,57.00,46.00,45.00,1,-1,-1,-1
969,0,159.00,150.00,39.00,49.00,1,-1,-1,-1
969,1,225.00,132.00,47.00,41.00,1,-1,-1,-1
969,2,117.00,93.00,44.00,38.00,1,-1,-1,-1
969,3,171.00,38.00,32.00,34.00,1,-1,-1,-1
969,4,229.00,56.00,47.00,45.00,1,-1,-1,-1
970,0,160.00,150.00,39.00,50.00,1,-1,-1,-1
970,1,225.00,132.00,48.00,40.00,1,-1,-1,-1
970,2,118.00,94.00,42.00,38.00,1,-1,-1,-1
970,3,169.00,36.00,33.00,36.00,1,-1,-1,-1
970,4,229.00,55.00,46.00,46.00,1,-1,-1,-1
971,0,161.00,151.00,39.00,49.00,1,-1,-1,-1
971,1,226.00,131.00,48.00,41.00,1,-1,-1,-1
971,2,118.00,95.00,42.00,38.00,1,-1,-1,-1
971,3,168.00,37.00,33.00,35.00,1,-1,-1,-1
971,4,229.00,54.00,45.00,46.00,1,-1,-1,-1
972,0,162.00,150.00,39.00,50.00,1,-1,-1,-1
972,1,226.00,130.00,47.00,41.00,1,-1,-1,-1
972,2,117.00,96.00,43.00,37.00,1,-1,-1,-1
972,3,168.00,37.00,31.00,34.00,1,-1,-1,-1
972,4,228.00,53.00,46.00,46.00,1,-1,-1,-1
973,0,163.00,150.00,39.00,50.00,1,-1,-1,-1
973,1,226.00,129.00,47.00,42.00,1,-1,-1,-1
973,2,117.00,96.00,44.00,38.00,1,-1,-1,-1
973,3,169.00,39.00,29.00,33.00,1,-1,-1,-1
973,4,228.00,53.00,46.00,45.00,1,-1,-1,-1
974,0,164.00,151.00,38.00,50.00,1,-1,-1,-1
974,1,227.00,129.00,46.00,42.00,1,-1,-1,-1
974,2,117.00,97.00,44.00,38.00,1,-1,-1,-1
974,3,168.00,40.00,29.00,32.00,1,-1,-1,-1
974,4,228.00,52.00,45.00,46.00,1,-1,-1,-1
975,0,164.00,150.00,39.00,51.00,1,-1,-1,-1
975,1,227.00,128.00,47.00,42.00,1,-1,-1,-1
975,2,118.00,98.00,43.00,38.00,1,-1,-1,-1
975,3,168.00,41.00,29.00,31.00,1,-1,-1,-1
975,4,227.00,51.00,46.00,46.00,1,-1,-1,-1
976,0,164.00,151.00,39.00,51.00,1,-1,-1,-1
976,1,228.00,128.00,46.00,41.00,1,-1,-1,-1
976,2,118.00,98.00,43.00,39.00,1,-1,-1,-1
976,3,167.00,41.00,29.00,31.00,1,-1,-1,-1
976,4,227.00,51.00,45.00,46.00,1,-1,-1,-1
977,0,165.00,151.00,39.00,51.00,1,-1,-1,-1
977,1,228.00,128.00,47.00,41.00,1,-1,-1,-1
977,2,118.00,98.00,44.00,39.00,1,-1,-1,-1
977,3,165.00,39.00,31.00,34.00,1,-1,-1,-1
977,4,226.00,50.00,45.00,46.00,1,-1,-1,-1
978,0,165.00,151.00,40.00,51.00,1,-1,-1,-1
978,1,229.00,127.00,46.00,41.00,1,-1,-1,-1
978,2,118.00,99.00,44.00,39.00,1,-1,-1,-1
978,3,163.00,39.00,32.00,33.00,1,-1,-1,-1
978,4,226.00,49.00,45.00,47.00,1,-1,-1,-1
979,0,166.00,151.00,40.00,51.00,1,-1,-1,-1
979,1,229.00,126.00,47.00,42.00,1,-1,-1,-1
979,2,118.00,100.00,43.00,39.00,1,-1,-1,-1
979,3,162.00,38.00,32.00,35.00,1,-1,-1,-1
979,4,225.00,48.00,45.00,46.00,1,-1,-1,-1
980,0,167.00,151.00,40.00,51.00,1,-1,-1,-1
980,1,230.00,125.00,46.00,42.00,1,-1,-1,-1
980,2,119.00,101.00,42.00,38.00,1,-1,-1,-1
980,3,161.00,37.00,32.00,36.00,1,-1,-1,-1
980,4,225.00,48.00,44.00,45.00,1,-1,-1,-1
981,0,168.00,151.00,40.00,51.00,1,-1,-1,-1
981,1,230.00,125.00,47.00,42.00,1,-1,-1,-1
981,2,119.00,102.00,43.00,38.00,1,-1,-1,-1
981,3,159.00,37.00,35.00,37.00,1,-1,-1,-1
981,4,225.00,47.00,43.00,46.00,1,-1,-1,-1
982,0,169.00,151.00,39.00,51.00,1,-1,-1,-1
982,1,230.00,124.00,47.00,41.00,1,-1,-1,-1
982,2,119.00,102.00,43.00,39.00,1,-1,-1,-1
982,3,159.00,38.00,34.00,37.00,1,-1,-1,-1
982,4,224.00,47.00,44.00,46.00,1,-1,-1,-1
983,0,169.00,151.00,40.00,51.00,1,-1,-1,-1
983,1,231.00,124.00,47.00,41.00,1,-1,-1,-1
983,2,119.00,102.00,43.00,40.00,1,-1,-1,-1
983,3,157.00,38.00,35.00,37.00,1,-1,-1,-1
983,4,224.00,47.00,43.00,45.00,1,-1,-1,-1
984,0,170.00,152.00,40.00,51.00,1,-1,-1,-1
984,1,231.00,123.00,48.00,41.00,1,-1,-1,-1
984,2,119.00,103.00,43.00,40.00,1,-1,-1,-1
984,3,157.00,39.00,34.00,36.00,1,-1,-1,-1
984,4,223.00,46.00,44.00,46.00,1,-1,-1,-1
985,0,171.00,152.00,40.00,51.00,1,-1,-1,-1
985,1,231.00,122.00,48.00,41.00,1,-1,-1,-1
985,2,119.00,104.00,43.00,39.00,1,-1,-1,-1
985,3,157.00,39.00,33.00,35.00,1,-1,-1,-1
985,4,223.00,46.00,43.00,46.00,1,-1,-1,-1
986,0,172.00,152.00,41.00,51.00,1,-1,-1,-1
986,1,231.00,122.00,49.00,40.00,1,-1,-1,-1
986,2,119.00,105.00,43.00,39.00,1,-1,-1,-1
986,3,155.00,39.00,35.00,36.00,1,-1,-1,-1
986,4,222.00,45.00,44.00,46.00,1,-1,-1,-1
987,0,173.00,153.00,41.00,50.00,1,-1,-1,-1
987,1,231.00,122.00,50.00,39.00,1,-1,-1,-1
987,2,119.00,105.00,43.00,39.00,1,-1,-1,-1
987,3,154.00,39.00,35.00,37.00,1,-1,-1,-1
987,4,222.00,45.00,43.00,46.00,1,-1,-1,-1
988,0,173.00,153.00,41.00,50.00,1,-1,-1,-1
988,1,232.00,121.00,49.00,40.00,1,-1,-1,-1
988,2,120.00,106.00,42.00,39.00,1,-1,-1,-1
988,3,154.00,39.00,35.00,37.00,1,-1,-1,-1
988,4,221.00,44.00,43.00,46.00,1,-1,-1,-1
989,0,174.00,153.00,41.00,50.00,1,-1,-1,-1
989,1,232.00,120.00,48.00,40.00,1,-1,-1,-1
989,2,121.00,106.00,41.00,40.00,1,-1,-1,-1
989,3,154.00,40.00,35.00,36.00,1,-1,-1,-1
989,4,221.00,43.00,42.00,46.00,1,-1,-1,-1
990,0,174.00,153.00,42.00,50.00,1,-1,-1,-1
990,1,233.00,120.00,46.00,40.00,1,-1,-1,-1
990,2,121.00,107.00,42.00,39.00,1,-1,-1,-1
990,3,152.00,41.00,36.00,36.00,1,-1,-1,-1
990,4,220.00,42.00,43.00,46.00,1,-1,-1,-1
991,0,175.00,153.00,42.00,50.00,1,-1,-1,-1
991,1,233.00,119.00,47.00,40.00,1,-1,-1,-1
991,2,121.00,108.00,42.00,39.00,1,-1,-1,-1
991,3,153.00,42.00,35.00,36.00,1,-1,-1,-1
991,4,219.00,42.00,44.00,46.00,1,-1,-1,-1
992,0,175.00,153.00,42.00,50.00,1,-1,-1,-1
992,1,234.00,119.00,46.00,39.00,1,-1,-1,-1
992,2,121.00,109.00,42.00,40.00,1,-1,-1,-1
992,3,153.00,44.00,35.00,35.00,1,-1,-1,-1
992,4,219.00,41.00,43.00,46.00,1,-1,-1,-1
993,0,176.00,153.00,42.00,50.00,1,-1,-1,-1
993,1,234.00,118.00,47.00,40.00,1,-1,-1,-1
993,2,120.00,110.00,43.00,39.00,1,-1,-1,-1
993,3,152.00,44.00,34.00,35.00,1,-1,-1,-1
993,4,219.00,41.00,43.00,46.00,1,-1,-1,-1
994,0,177.00,153.00,42.00,51.00,1,-1,-1,-1
994,1,234.00,117.00,47.00,40.00,1,-1,-1,-1
994,2,120.00,111.00,43.00,39.00,1,-1,-1,-1
994,3,151.00,45.00,35.00,34.00,1,-1,-1,-1
994,4,218.00,41.00,43.00,46.00,1,-1,-1,-1
995,0,178.00,153.00,43.00,51.00,1,-1,-1,-1
995,1,235.00,117.00,46.00,40.00,1,-1,-1,-1
995,2,120.00,111.00,43.00,40.00,1,-1,-1,-1
995,3,149.00,45.00,37.00,36.00,1,-1,-1,-1
995,4,217.00,40.00,43.00,46.00,1,-1,-1,-1
996,0,180.00,154.00,41.00,50.00,1,-1,-1,-1
996,1,235.00,116.00,46.00,40.00,1,-1,-1,-1
996,2,120.00,112.00,43.00,40.00,1,-1,-1,-1
996,3,148.00,44.00,38.00,37.00,1,-1,-1,-1
996,4,217.00,40.00,42.00,46.00,1,-1,-1,-1
997,0,181.00,153.00,41.00,50.00,1,-1,-1,-1
997,1,235.00,115.00,46.00,40.00,1,-1,-1,-1
997,2,120.00,112.00,43.00,40.00,1,-1,-1,-1
997,3,148.00,46.00,37.00,35.00,1,-1,-1,-1
997,4,217.00,39.00,41.00,46.00,1,-1,-1,-1
998,0,182.00,153.00,40.00,50.00,1,-1,-1,-1
998,1,235.00,114.00,46.00,40.00,1,-1,-1,-1
998,2,120.00,113.00,43.00,40.00,1,-1,-1,-1
998,3,145.00,45.00,39.00,36.00,1,-1,-1,-1
998,4,216.00,39.00,42.00,46.00,1,-1,-1,-1
999,0,182.00,153.00,41.00,50.00,1,-1,-1,-1
999,1,235.00,114.00,47.00,39.00,1,-1,-1,-1
999,2,121.00,113.00,43.00,40.00,1,-1,-1,-1
999,3,145.00,45.00,39.00,36.00,1,-1,-1,-1
999,4,215.00,38.00,42.00,46.00,1,-1,-1,-1
